tutor_id,tutor_name,check_in,check_out,shift_hours,snapshot_in,snapshot_out,expected_check_in
2598056,Liam Johnson,2025-01-01 10:00:00,2025-01-01 12:30,2.5,snapshots/2598056.jpg,snapshots/2598056.jpg,2025-01-01 10:00:00
6362733,Meera Nair,2025-01-04 08:00:00,2025-01-04 09:30,1.5,snapshots/6362733.jpg,snapshots/6362733.jpg,2025-01-04 08:00:00
2598056,Liam Johnson,2025-01-04 12:00:00,2025-01-04 15:00,3.0,snapshots/2598056.jpg,snapshots/2598056.jpg,2025-01-04 12:00:00
7644166,Ryan Scott,2025-01-05 08:15:00,2025-01-05 10:45,2.5,snapshots/7644166.jpg,snapshots/7644166.jpg,2025-01-05 08:15:00
2598056,Liam Johnson,2025-01-05 17:15:00,2025-01-05 20:15,3.0,snapshots/2598056.jpg,snapshots/2598056.jpg,2025-01-05 17:15:00
7644166,Ryan Scott,2025-01-06 13:00:00,2025-01-06 15:00,2.0,snapshots/7644166.jpg,snapshots/7644166.jpg,2025-01-06 13:00:00
6403246,Isabella Davis,2025-01-07 10:45:00,2025-01-07 12:45,2.0,snapshots/6403246.jpg,snapshots/6403246.jpg,2025-01-07 10:45:00
7916493,Arjun Kapoor,2025-01-07 11:30:00,2025-01-07 13:00,1.5,snapshots/7916493.jpg,snapshots/7916493.jpg,2025-01-07 11:30:00
2598056,Liam Johnson,2025-01-07 13:45:00,2025-01-07 16:15,2.5,snapshots/2598056.jpg,snapshots/2598056.jpg,2025-01-07 13:45:00
8853681,Aanya Mehta,2025-01-09 17:00:00,2025-01-09 18:30,1.5,snapshots/8853681.jpg,snapshots/8853681.jpg,2025-01-09 17:00:00
7916493,Arjun Kapoor,2025-01-14 09:00:00,2025-01-14 12:00,3.0,snapshots/7916493.jpg,snapshots/7916493.jpg,2025-01-14 09:00:00
4146623,Noah Wilson,2025-01-14 14:45:00,2025-01-14 16:15,1.5,snapshots/4146623.jpg,snapshots/4146623.jpg,2025-01-14 14:45:00
2115580,Saanvi Joshi,2025-01-15 12:00:00,2025-01-15 14:00,2.0,snapshots/2115580.jpg,snapshots/2115580.jpg,2025-01-15 12:00:00
2701634,Emily Brown,2025-01-15 13:15:00,2025-01-15 15:15,2.0,snapshots/2701634.jpg,snapshots/2701634.jpg,2025-01-15 13:15:00
3534553,Benjamin Lewis,2025-01-17 11:45:00,2025-01-17 13:45,2.0,snapshots/3534553.jpg,snapshots/3534553.jpg,2025-01-17 11:45:00
6887917,Lucas Moore,2025-01-19 09:30:00,2025-01-19 11:00,1.5,snapshots/6887917.jpg,snapshots/6887917.jpg,2025-01-19 09:30:00
2598056,Liam Johnson,2025-01-20 13:15:00,2025-01-20 16:15,3.0,snapshots/2598056.jpg,snapshots/2598056.jpg,2025-01-20 13:15:00
2115580,Saanvi Joshi,2025-01-20 16:00:00,2025-01-20 17:30,1.5,snapshots/2115580.jpg,snapshots/2115580.jpg,2025-01-20 16:00:00
7134699,Vivaan Kumar,2025-01-21 08:30:00,2025-01-21 11:30,3.0,snapshots/7134699.jpg,snapshots/7134699.jpg,2025-01-21 08:30:00
2750869,Neha Patel,2025-01-22 11:30:00,2025-01-22 13:30,2.0,snapshots/2750869.jpg,snapshots/2750869.jpg,2025-01-22 11:30:00
2750869,Neha Patel,2025-01-22 12:15:00,2025-01-22 14:15,2.0,snapshots/2750869.jpg,snapshots/2750869.jpg,2025-01-22 11:30:00
2598056,Liam Johnson,2025-01-22 13:45:00,2025-01-22 15:45,2.0,snapshots/2598056.jpg,snapshots/2598056.jpg,2025-01-22 13:45:00
6362733,Meera Nair,2025-01-22 15:45:00,2025-01-22 18:15,2.5,snapshots/6362733.jpg,snapshots/6362733.jpg,2025-01-22 15:45:00
6474141,Anaya Sharma,2025-01-23 15:30:00,2025-01-23 18:30,3.0,snapshots/6474141.jpg,snapshots/6474141.jpg,2025-01-23 15:30:00
2701634,Emily Brown,2025-01-26 12:30:00,2025-01-26 15:30,3.0,snapshots/2701634.jpg,snapshots/2701634.jpg,2025-01-26 12:30:00
6664205,Mason Lee,2025-01-27 08:00:00,2025-01-27 10:00,2.0,snapshots/6664205.jpg,snapshots/6664205.jpg,2025-01-27 08:00:00
2425166,Aarav Shah,2025-01-27 11:45:00,2025-01-27 14:45,3.0,snapshots/2425166.jpg,snapshots/2425166.jpg,2025-01-27 11:45:00
7644166,Ryan Scott,2025-01-28 14:00:00,2025-01-28 16:30,2.5,snapshots/7644166.jpg,snapshots/7644166.jpg,2025-01-28 14:00:00
2425166,Aarav Shah,2025-01-29 09:30:00,2025-01-29 12:30,3.0,snapshots/2425166.jpg,snapshots/2425166.jpg,2025-01-29 09:30:00
6362733,Meera Nair,2025-01-29 11:15:00,2025-01-29 12:45,1.5,snapshots/6362733.jpg,snapshots/6362733.jpg,2025-01-29 11:15:00
4146623,Noah Wilson,2025-01-30 16:00:00,2025-01-30 19:00,3.0,snapshots/4146623.jpg,snapshots/4146623.jpg,2025-01-30 16:00:00
7264805,Isha Reddy,2025-01-30 16:15:00,2025-01-30 18:45,2.5,snapshots/7264805.jpg,snapshots/7264805.jpg,2025-01-30 16:15:00
6664205,Mason Lee,2025-01-31 16:30:00,2025-01-31 19:30,3.0,snapshots/6664205.jpg,snapshots/6664205.jpg,2025-01-31 16:30:00
2598056,Liam Johnson,2025-02-01 10:00:00,2025-02-01 12:30:00,2.5,snapshots/2598056.jpg,snapshots/2598056.jpg,2025-02-01 10:00:00
4146623,Noah Wilson,2025-02-02 17:00:00,2025-02-02 19:30,2.5,snapshots/4146623.jpg,snapshots/4146623.jpg,2025-02-02 17:00:00
2425166,Aarav Shah,2025-02-03 08:15:00,2025-02-03 10:15,2.0,snapshots/2425166.jpg,snapshots/2425166.jpg,2025-02-03 08:15:00
2630571,Avni Desai,2025-02-03 15:15:00,2025-02-03 17:15,2.0,snapshots/2630571.jpg,snapshots/2630571.jpg,2025-02-03 15:15:00
6664205,Mason Lee,2025-02-03 17:15:00,2025-02-03 18:45,1.5,snapshots/6664205.jpg,snapshots/6664205.jpg,2025-02-03 17:15:00
6362733,Meera Nair,2025-02-04 08:00:00,2025-02-04 09:30:00,1.5,snapshots/6362733.jpg,snapshots/6362733.jpg,2025-02-04 08:00:00
2701634,Emily Brown,2025-02-04 08:15:00,2025-02-04 09:45,1.5,snapshots/2701634.jpg,snapshots/2701634.jpg,2025-02-04 08:15:00
2598056,Liam Johnson,2025-02-04 12:00:00,2025-02-04 15:00:00,3.0,snapshots/2598056.jpg,snapshots/2598056.jpg,2025-02-04 12:00:00
7644166,Ryan Scott,2025-02-04 14:30:00,2025-02-04 17:30,3.0,snapshots/7644166.jpg,snapshots/7644166.jpg,2025-02-04 14:30:00
7644166,Ryan Scott,2025-02-05 08:15:00,2025-02-05 10:45:00,2.5,snapshots/7644166.jpg,snapshots/7644166.jpg,2025-02-05 08:15:00
2750869,Neha Patel,2025-02-05 11:30:00,2025-02-05 13:30,2.0,snapshots/2750869.jpg,snapshots/2750869.jpg,2025-02-05 11:30:00
2598056,Liam Johnson,2025-02-05 17:15:00,2025-02-05 20:15:00,3.0,snapshots/2598056.jpg,snapshots/2598056.jpg,2025-02-05 17:15:00
2630571,Avni Desai,2025-02-06 11:30:00,2025-02-06 14:00,2.5,snapshots/2630571.jpg,snapshots/2630571.jpg,2025-02-06 11:30:00
7644166,Ryan Scott,2025-02-06 13:00:00,2025-02-06 15:00:00,2.0,snapshots/7644166.jpg,snapshots/7644166.jpg,2025-02-06 13:00:00
8853681,Aanya Mehta,2025-02-07 09:15:00,2025-02-07 11:45,2.5,snapshots/8853681.jpg,snapshots/8853681.jpg,2025-02-07 09:15:00
6362733,Meera Nair,2025-02-07 10:30:00,2025-02-07 13:30,3.0,snapshots/6362733.jpg,snapshots/6362733.jpg,2025-02-07 10:30:00
6403246,Isabella Davis,2025-02-07 10:45:00,2025-02-07 12:45:00,2.0,snapshots/6403246.jpg,snapshots/6403246.jpg,2025-02-07 10:45:00
7916493,Arjun Kapoor,2025-02-07 11:30:00,2025-02-07 13:00:00,1.5,snapshots/7916493.jpg,snapshots/7916493.jpg,2025-02-07 11:30:00
2598056,Liam Johnson,2025-02-07 13:45:00,2025-02-07 16:15:00,2.5,snapshots/2598056.jpg,snapshots/2598056.jpg,2025-02-07 13:45:00
2115580,Saanvi Joshi,2025-02-08 15:15:00,2025-02-08 16:45,1.5,snapshots/2115580.jpg,snapshots/2115580.jpg,2025-02-08 15:15:00
4146623,Noah Wilson,2025-02-09 14:45:00,2025-02-09 16:45,2.0,snapshots/4146623.jpg,snapshots/4146623.jpg,2025-02-09 14:45:00
4146623,Noah Wilson,2025-02-09 15:15:00,2025-02-09 17:15,2.0,snapshots/4146623.jpg,snapshots/4146623.jpg,2025-02-09 14:45:00
8853681,Aanya Mehta,2025-02-09 17:00:00,2025-02-09 18:30:00,1.5,snapshots/8853681.jpg,snapshots/8853681.jpg,2025-02-09 17:00:00
8853681,Aanya Mehta,2025-02-09 17:45:00,2025-02-09 19:15,1.5,snapshots/8853681.jpg,snapshots/8853681.jpg,2025-02-09 17:00:00
6403246,Isabella Davis,2025-02-10 08:15:00,2025-02-10 11:15,3.0,snapshots/6403246.jpg,snapshots/6403246.jpg,2025-02-10 08:15:00
8853681,Aanya Mehta,2025-02-11 09:30:00,2025-02-11 12:00,2.5,snapshots/8853681.jpg,snapshots/8853681.jpg,2025-02-11 09:30:00
2701634,Emily Brown,2025-02-11 12:00:00,2025-02-11 15:00,3.0,snapshots/2701634.jpg,snapshots/2701634.jpg,2025-02-11 12:00:00
7134699,Vivaan Kumar,2025-02-12 13:15:00,2025-02-12 15:15,2.0,snapshots/7134699.jpg,snapshots/7134699.jpg,2025-02-12 13:15:00
7916493,Arjun Kapoor,2025-02-14 09:00:00,2025-02-14 12:00:00,3.0,snapshots/7916493.jpg,snapshots/7916493.jpg,2025-02-14 09:00:00
4146623,Noah Wilson,2025-02-14 14:45:00,2025-02-14 16:15:00,1.5,snapshots/4146623.jpg,snapshots/4146623.jpg,2025-02-14 14:45:00
2115580,Saanvi Joshi,2025-02-15 12:00:00,2025-02-15 14:00:00,2.0,snapshots/2115580.jpg,snapshots/2115580.jpg,2025-02-15 12:00:00
2701634,Emily Brown,2025-02-15 13:15:00,2025-02-15 15:15:00,2.0,snapshots/2701634.jpg,snapshots/2701634.jpg,2025-02-15 13:15:00
2115580,Saanvi Joshi,2025-02-15 14:45:00,2025-02-15 16:15,1.5,snapshots/2115580.jpg,snapshots/2115580.jpg,2025-02-15 12:00:00
3534553,Benjamin Lewis,2025-02-17 11:45:00,2025-02-17 13:45:00,2.0,snapshots/3534553.jpg,snapshots/3534553.jpg,2025-02-17 11:45:00
2750869,Neha Patel,2025-02-19 09:30:00,2025-02-19 11:30,2.0,snapshots/2750869.jpg,snapshots/2750869.jpg,2025-02-19 09:30:00
6887917,Lucas Moore,2025-02-19 09:30:00,2025-02-19 11:00:00,1.5,snapshots/6887917.jpg,snapshots/6887917.jpg,2025-02-19 09:30:00
6362733,Meera Nair,2025-02-19 11:00:00,2025-02-19 13:00,2.0,snapshots/6362733.jpg,snapshots/6362733.jpg,2025-02-19 11:00:00
7644166,Ryan Scott,2025-02-19 12:15:00,2025-02-19 13:45,1.5,snapshots/7644166.jpg,snapshots/7644166.jpg,2025-02-19 12:15:00
2598056,Liam Johnson,2025-02-20 13:15:00,2025-02-20 16:15:00,3.0,snapshots/2598056.jpg,snapshots/2598056.jpg,2025-02-20 13:15:00
2115580,Saanvi Joshi,2025-02-20 16:00:00,2025-02-20 17:30:00,1.5,snapshots/2115580.jpg,snapshots/2115580.jpg,2025-02-20 16:00:00
7134699,Vivaan Kumar,2025-02-21 08:30:00,2025-02-21 11:30:00,3.0,snapshots/7134699.jpg,snapshots/7134699.jpg,2025-02-21 08:30:00
2750869,Neha Patel,2025-02-22 11:30:00,2025-02-22 13:30:00,2.0,snapshots/2750869.jpg,snapshots/2750869.jpg,2025-02-22 11:30:00
2598056,Liam Johnson,2025-02-22 13:45:00,2025-02-22 15:45:00,2.0,snapshots/2598056.jpg,snapshots/2598056.jpg,2025-02-22 13:45:00
6362733,Meera Nair,2025-02-22 15:45:00,2025-02-22 18:15:00,2.5,snapshots/6362733.jpg,snapshots/6362733.jpg,2025-02-22 15:45:00
2630571,Avni Desai,2025-02-23 10:15:00,2025-02-23 12:45,2.5,snapshots/2630571.jpg,snapshots/2630571.jpg,2025-02-23 10:15:00
6474141,Anaya Sharma,2025-02-23 15:30:00,2025-02-23 18:30:00,3.0,snapshots/6474141.jpg,snapshots/6474141.jpg,2025-02-23 15:30:00
6403246,Isabella Davis,2025-02-24 09:30:00,2025-02-24 12:30,3.0,snapshots/6403246.jpg,snapshots/6403246.jpg,2025-02-24 09:30:00
2598056,Liam Johnson,2025-02-24 16:15:00,2025-02-24 18:15,2.0,snapshots/2598056.jpg,snapshots/2598056.jpg,2025-02-24 16:15:00
2750869,Neha Patel,2025-02-25 08:00:00,2025-02-25 11:00,3.0,snapshots/2750869.jpg,snapshots/2750869.jpg,2025-02-25 08:00:00
2701634,Emily Brown,2025-02-26 12:30:00,2025-02-26 15:30:00,3.0,snapshots/2701634.jpg,snapshots/2701634.jpg,2025-02-26 12:30:00
2701634,Emily Brown,2025-02-26 12:30:00,2025-02-26 15:30:00,3.0,snapshots/2701634.jpg,snapshots/2701634.jpg,2025-02-26 17:45:00
2425166,Aarav Shah,2025-02-26 17:00:00,2025-02-26 20:00,3.0,snapshots/2425166.jpg,snapshots/2425166.jpg,2025-02-26 17:00:00
2701634,Emily Brown,2025-02-26 17:45:00,2025-02-26 19:45,2.0,snapshots/2701634.jpg,snapshots/2701634.jpg,2025-02-26 12:30:00
2701634,Emily Brown,2025-02-26 17:45:00,2025-02-26 19:45,2.0,snapshots/2701634.jpg,snapshots/2701634.jpg,2025-02-26 17:45:00
6664205,Mason Lee,2025-02-27 08:00:00,2025-02-27 10:00:00,2.0,snapshots/6664205.jpg,snapshots/6664205.jpg,2025-02-27 08:00:00
2425166,Aarav Shah,2025-02-27 11:45:00,2025-02-27 14:45:00,3.0,snapshots/2425166.jpg,snapshots/2425166.jpg,2025-02-27 11:45:00
7644166,Ryan Scott,2025-02-28 14:00:00,2025-02-28 16:30:00,2.5,snapshots/7644166.jpg,snapshots/7644166.jpg,2025-02-28 14:00:00
2598056,Liam Johnson,2025-03-01 10:00:00,2025-03-01 12:30:00,2.5,snapshots/2598056.jpg,snapshots/2598056.jpg,2025-03-01 10:00:00
4146623,Noah Wilson,2025-03-02 17:00:00,2025-03-02 19:30:00,2.5,snapshots/4146623.jpg,snapshots/4146623.jpg,2025-03-02 17:00:00
2425166,Aarav Shah,2025-03-03 08:15:00,2025-03-03 10:15:00,2.0,snapshots/2425166.jpg,snapshots/2425166.jpg,2025-03-03 08:15:00
2630571,Avni Desai,2025-03-03 15:15:00,2025-03-03 17:15:00,2.0,snapshots/2630571.jpg,snapshots/2630571.jpg,2025-03-03 15:15:00
6664205,Mason Lee,2025-03-03 17:15:00,2025-03-03 18:45:00,1.5,snapshots/6664205.jpg,snapshots/6664205.jpg,2025-03-03 17:15:00
6362733,Meera Nair,2025-03-04 08:00:00,2025-03-04 09:30:00,1.5,snapshots/6362733.jpg,snapshots/6362733.jpg,2025-03-04 08:00:00
2701634,Emily Brown,2025-03-04 08:15:00,2025-03-04 09:45:00,1.5,snapshots/2701634.jpg,snapshots/2701634.jpg,2025-03-04 08:15:00
2598056,Liam Johnson,2025-03-04 12:00:00,2025-03-04 15:00:00,3.0,snapshots/2598056.jpg,snapshots/2598056.jpg,2025-03-04 12:00:00
7644166,Ryan Scott,2025-03-04 14:30:00,2025-03-04 17:30:00,3.0,snapshots/7644166.jpg,snapshots/7644166.jpg,2025-03-04 14:30:00
7644166,Ryan Scott,2025-03-05 08:15:00,2025-03-05 10:45:00,2.5,snapshots/7644166.jpg,snapshots/7644166.jpg,2025-03-05 08:15:00
2750869,Neha Patel,2025-03-05 11:30:00,2025-03-05 13:30:00,2.0,snapshots/2750869.jpg,snapshots/2750869.jpg,2025-03-05 11:30:00
2425166,Aarav Shah,2025-03-05 12:30:00,2025-03-05 15:00,2.5,snapshots/2425166.jpg,snapshots/2425166.jpg,2025-03-05 12:30:00
2598056,Liam Johnson,2025-03-05 17:15:00,2025-03-05 20:15:00,3.0,snapshots/2598056.jpg,snapshots/2598056.jpg,2025-03-05 17:15:00
2630571,Avni Desai,2025-03-06 11:30:00,2025-03-06 14:00:00,2.5,snapshots/2630571.jpg,snapshots/2630571.jpg,2025-03-06 11:30:00
7644166,Ryan Scott,2025-03-06 13:00:00,2025-03-06 15:00:00,2.0,snapshots/7644166.jpg,snapshots/7644166.jpg,2025-03-06 13:00:00
8853681,Aanya Mehta,2025-03-07 09:15:00,2025-03-07 11:45:00,2.5,snapshots/8853681.jpg,snapshots/8853681.jpg,2025-03-07 09:15:00
6362733,Meera Nair,2025-03-07 10:30:00,2025-03-07 13:30:00,3.0,snapshots/6362733.jpg,snapshots/6362733.jpg,2025-03-07 10:30:00
6403246,Isabella Davis,2025-03-07 10:45:00,2025-03-07 12:45:00,2.0,snapshots/6403246.jpg,snapshots/6403246.jpg,2025-03-07 10:45:00
7916493,Arjun Kapoor,2025-03-07 11:30:00,2025-03-07 13:00:00,1.5,snapshots/7916493.jpg,snapshots/7916493.jpg,2025-03-07 11:30:00
2598056,Liam Johnson,2025-03-07 13:45:00,2025-03-07 16:15:00,2.5,snapshots/2598056.jpg,snapshots/2598056.jpg,2025-03-07 13:45:00
7644166,Ryan Scott,2025-03-07 15:45:00,2025-03-07 17:15,1.5,snapshots/7644166.jpg,snapshots/7644166.jpg,2025-03-07 15:45:00
2115580,Saanvi Joshi,2025-03-08 12:45:00,2025-03-08 15:15,2.5,snapshots/2115580.jpg,snapshots/2115580.jpg,2025-03-08 12:45:00
9323660,Zoya Singh,2025-03-08 14:00:00,2025-03-08 17:00,3.0,snapshots/9323660.jpg,snapshots/9323660.jpg,2025-03-08 14:00:00
2425166,Aarav Shah,2025-03-09 09:45:00,2025-03-09 11:15,1.5,snapshots/2425166.jpg,snapshots/2425166.jpg,2025-03-09 09:45:00
4146623,Noah Wilson,2025-03-09 14:45:00,2025-03-09 16:45:00,2.0,snapshots/4146623.jpg,snapshots/4146623.jpg,2025-03-09 14:45:00
8853681,Aanya Mehta,2025-03-09 17:00:00,2025-03-09 18:30:00,1.5,snapshots/8853681.jpg,snapshots/8853681.jpg,2025-03-09 17:00:00
6403246,Isabella Davis,2025-03-10 08:15:00,2025-03-10 11:15:00,3.0,snapshots/6403246.jpg,snapshots/6403246.jpg,2025-03-10 08:15:00
8853681,Aanya Mehta,2025-03-11 09:30:00,2025-03-11 12:00:00,2.5,snapshots/8853681.jpg,snapshots/8853681.jpg,2025-03-11 09:30:00
2701634,Emily Brown,2025-03-11 12:00:00,2025-03-11 15:00:00,3.0,snapshots/2701634.jpg,snapshots/2701634.jpg,2025-03-11 12:00:00
6887917,Lucas Moore,2025-03-11 12:45:00,2025-03-11 15:15,2.5,snapshots/6887917.jpg,snapshots/6887917.jpg,2025-03-11 12:45:00
7134699,Vivaan Kumar,2025-03-12 13:15:00,2025-03-12 15:15:00,2.0,snapshots/7134699.jpg,snapshots/7134699.jpg,2025-03-12 13:15:00
2630571,Avni Desai,2025-03-14 08:00:00,2025-03-14 11:00,3.0,snapshots/2630571.jpg,snapshots/2630571.jpg,2025-03-14 08:00:00
7916493,Arjun Kapoor,2025-03-14 09:00:00,2025-03-14 12:00:00,3.0,snapshots/7916493.jpg,snapshots/7916493.jpg,2025-03-14 09:00:00
2115580,Saanvi Joshi,2025-03-14 12:45:00,2025-03-14 14:15,1.5,snapshots/2115580.jpg,snapshots/2115580.jpg,2025-03-14 12:45:00
4146623,Noah Wilson,2025-03-14 14:45:00,2025-03-14 16:15:00,1.5,snapshots/4146623.jpg,snapshots/4146623.jpg,2025-03-14 14:45:00
2115580,Saanvi Joshi,2025-03-15 12:00:00,2025-03-15 14:00:00,2.0,snapshots/2115580.jpg,snapshots/2115580.jpg,2025-03-15 12:00:00
2701634,Emily Brown,2025-03-15 13:15:00,2025-03-15 15:15:00,2.0,snapshots/2701634.jpg,snapshots/2701634.jpg,2025-03-15 13:15:00
6403246,Isabella Davis,2025-03-16 16:30:00,2025-03-16 19:00,2.5,snapshots/6403246.jpg,snapshots/6403246.jpg,2025-03-16 16:30:00
3534553,Benjamin Lewis,2025-03-17 11:45:00,2025-03-17 13:45:00,2.0,snapshots/3534553.jpg,snapshots/3534553.jpg,2025-03-17 11:45:00
2115580,Saanvi Joshi,2025-03-18 08:00:00,2025-03-18 10:30,2.5,snapshots/2115580.jpg,snapshots/2115580.jpg,2025-03-18 08:00:00
7916493,Arjun Kapoor,2025-03-18 12:00:00,2025-03-18 14:00,2.0,snapshots/7916493.jpg,snapshots/7916493.jpg,2025-03-18 12:00:00
2750869,Neha Patel,2025-03-19 09:30:00,2025-03-19 11:30:00,2.0,snapshots/2750869.jpg,snapshots/2750869.jpg,2025-03-19 09:30:00
6887917,Lucas Moore,2025-03-19 09:30:00,2025-03-19 11:00:00,1.5,snapshots/6887917.jpg,snapshots/6887917.jpg,2025-03-19 09:30:00
7644166,Ryan Scott,2025-03-19 10:00:00,2025-03-19 12:00,2.0,snapshots/7644166.jpg,snapshots/7644166.jpg,2025-03-19 10:00:00
7644166,Ryan Scott,2025-03-19 10:00:00,2025-03-19 12:00,2.0,snapshots/7644166.jpg,snapshots/7644166.jpg,2025-03-19 12:15:00
7644166,Ryan Scott,2025-03-19 10:00:00,2025-03-19 12:00,2.0,snapshots/7644166.jpg,snapshots/7644166.jpg,2025-03-19 17:00:00
6362733,Meera Nair,2025-03-19 11:00:00,2025-03-19 13:00:00,2.0,snapshots/6362733.jpg,snapshots/6362733.jpg,2025-03-19 11:00:00
7644166,Ryan Scott,2025-03-19 12:15:00,2025-03-19 13:45:00,1.5,snapshots/7644166.jpg,snapshots/7644166.jpg,2025-03-19 10:00:00
7644166,Ryan Scott,2025-03-19 12:15:00,2025-03-19 13:45:00,1.5,snapshots/7644166.jpg,snapshots/7644166.jpg,2025-03-19 12:15:00
7644166,Ryan Scott,2025-03-19 12:15:00,2025-03-19 13:45:00,1.5,snapshots/7644166.jpg,snapshots/7644166.jpg,2025-03-19 17:00:00
9323660,Zoya Singh,2025-03-19 16:15:00,2025-03-19 18:15,2.0,snapshots/9323660.jpg,snapshots/9323660.jpg,2025-03-19 16:15:00
7644166,Ryan Scott,2025-03-19 17:00:00,2025-03-19 20:00,3.0,snapshots/7644166.jpg,snapshots/7644166.jpg,2025-03-19 10:00:00
7644166,Ryan Scott,2025-03-19 17:00:00,2025-03-19 20:00,3.0,snapshots/7644166.jpg,snapshots/7644166.jpg,2025-03-19 12:15:00
7644166,Ryan Scott,2025-03-19 17:00:00,2025-03-19 20:00,3.0,snapshots/7644166.jpg,snapshots/7644166.jpg,2025-03-19 17:00:00
2598056,Liam Johnson,2025-03-20 13:15:00,2025-03-20 16:15:00,3.0,snapshots/2598056.jpg,snapshots/2598056.jpg,2025-03-20 13:15:00
2115580,Saanvi Joshi,2025-03-20 16:00:00,2025-03-20 17:30:00,1.5,snapshots/2115580.jpg,snapshots/2115580.jpg,2025-03-20 16:00:00
7134699,Vivaan Kumar,2025-03-21 08:30:00,2025-03-21 11:30:00,3.0,snapshots/7134699.jpg,snapshots/7134699.jpg,2025-03-21 08:30:00
6362733,Meera Nair,2025-03-21 13:30:00,2025-03-21 16:30,3.0,snapshots/6362733.jpg,snapshots/6362733.jpg,2025-03-21 13:30:00
2750869,Neha Patel,2025-03-22 11:30:00,2025-03-22 13:30:00,2.0,snapshots/2750869.jpg,snapshots/2750869.jpg,2025-03-22 11:30:00
2598056,Liam Johnson,2025-03-22 13:45:00,2025-03-22 15:45:00,2.0,snapshots/2598056.jpg,snapshots/2598056.jpg,2025-03-22 13:45:00
6664205,Mason Lee,2025-03-22 14:45:00,2025-03-22 16:15,1.5,snapshots/6664205.jpg,snapshots/6664205.jpg,2025-03-22 14:45:00
6362733,Meera Nair,2025-03-22 15:45:00,2025-03-22 18:15:00,2.5,snapshots/6362733.jpg,snapshots/6362733.jpg,2025-03-22 15:45:00
2630571,Avni Desai,2025-03-23 10:15:00,2025-03-23 12:45:00,2.5,snapshots/2630571.jpg,snapshots/2630571.jpg,2025-03-23 10:15:00
2630571,Avni Desai,2025-03-23 10:15:00,2025-03-23 12:45:00,2.5,snapshots/2630571.jpg,snapshots/2630571.jpg,2025-03-23 14:15:00
2630571,Avni Desai,2025-03-23 14:15:00,2025-03-23 16:15,2.0,snapshots/2630571.jpg,snapshots/2630571.jpg,2025-03-23 10:15:00
2630571,Avni Desai,2025-03-23 14:15:00,2025-03-23 16:15,2.0,snapshots/2630571.jpg,snapshots/2630571.jpg,2025-03-23 14:15:00
6474141,Anaya Sharma,2025-03-23 15:30:00,2025-03-23 18:30:00,3.0,snapshots/6474141.jpg,snapshots/6474141.jpg,2025-03-23 15:30:00
4146623,Noah Wilson,2025-03-24 08:30:00,2025-03-24 10:30,2.0,snapshots/4146623.jpg,snapshots/4146623.jpg,2025-03-24 08:30:00
6403246,Isabella Davis,2025-03-24 09:30:00,2025-03-24 12:30:00,3.0,snapshots/6403246.jpg,snapshots/6403246.jpg,2025-03-24 09:30:00
2598056,Liam Johnson,2025-03-24 12:45:00,2025-03-24 14:15,1.5,snapshots/2598056.jpg,snapshots/2598056.jpg,2025-03-24 12:45:00
2598056,Liam Johnson,2025-03-24 12:45:00,2025-03-24 14:15,1.5,snapshots/2598056.jpg,snapshots/2598056.jpg,2025-03-24 16:15:00
2598056,Liam Johnson,2025-03-24 16:15:00,2025-03-24 18:15:00,2.0,snapshots/2598056.jpg,snapshots/2598056.jpg,2025-03-24 12:45:00
2598056,Liam Johnson,2025-03-24 16:15:00,2025-03-24 18:15:00,2.0,snapshots/2598056.jpg,snapshots/2598056.jpg,2025-03-24 16:15:00
2750869,Neha Patel,2025-03-25 08:00:00,2025-03-25 11:00:00,3.0,snapshots/2750869.jpg,snapshots/2750869.jpg,2025-03-25 08:00:00
2701634,Emily Brown,2025-03-26 12:30:00,2025-03-26 15:30:00,3.0,snapshots/2701634.jpg,snapshots/2701634.jpg,2025-03-26 12:30:00
2701634,Emily Brown,2025-03-26 12:30:00,2025-03-26 15:30:00,3.0,snapshots/2701634.jpg,snapshots/2701634.jpg,2025-03-26 17:45:00
2425166,Aarav Shah,2025-03-26 17:00:00,2025-03-26 20:00:00,3.0,snapshots/2425166.jpg,snapshots/2425166.jpg,2025-03-26 17:00:00
2701634,Emily Brown,2025-03-26 17:45:00,2025-03-26 19:45:00,2.0,snapshots/2701634.jpg,snapshots/2701634.jpg,2025-03-26 12:30:00
2701634,Emily Brown,2025-03-26 17:45:00,2025-03-26 19:45:00,2.0,snapshots/2701634.jpg,snapshots/2701634.jpg,2025-03-26 17:45:00
6664205,Mason Lee,2025-03-27 08:00:00,2025-03-27 10:00:00,2.0,snapshots/6664205.jpg,snapshots/6664205.jpg,2025-03-27 08:00:00
2425166,Aarav Shah,2025-03-27 11:45:00,2025-03-27 14:45:00,3.0,snapshots/2425166.jpg,snapshots/2425166.jpg,2025-03-27 11:45:00
7644166,Ryan Scott,2025-03-28 14:00:00,2025-03-28 16:30:00,2.5,snapshots/7644166.jpg,snapshots/7644166.jpg,2025-03-28 14:00:00
2425166,Aarav Shah,2025-03-29 09:30:00,2025-03-29 12:30:00,3.0,snapshots/2425166.jpg,snapshots/2425166.jpg,2025-03-29 09:30:00
6362733,Meera Nair,2025-03-29 11:15:00,2025-03-29 12:45:00,1.5,snapshots/6362733.jpg,snapshots/6362733.jpg,2025-03-29 11:15:00
3534553,Benjamin Lewis,2025-03-29 14:00:00,2025-03-29 16:00,2.0,snapshots/3534553.jpg,snapshots/3534553.jpg,2025-03-29 14:00:00
4146623,Noah Wilson,2025-03-30 16:00:00,2025-03-30 19:00:00,3.0,snapshots/4146623.jpg,snapshots/4146623.jpg,2025-03-30 16:00:00
2630571,Avni Desai,2025-03-30 16:00:00,2025-03-30 18:00,2.0,snapshots/2630571.jpg,snapshots/2630571.jpg,2025-03-30 16:00:00
7264805,Isha Reddy,2025-03-30 16:15:00,2025-03-30 18:45:00,2.5,snapshots/7264805.jpg,snapshots/7264805.jpg,2025-03-30 16:15:00
4146623,Noah Wilson,2025-03-31 08:00:00,2025-03-31 09:30,1.5,snapshots/4146623.jpg,snapshots/4146623.jpg,2025-03-31 08:00:00
8853681,Aanya Mehta,2025-03-31 14:15:00,2025-03-31 16:15,2.0,snapshots/8853681.jpg,snapshots/8853681.jpg,2025-03-31 14:15:00
6664205,Mason Lee,2025-03-31 16:30:00,2025-03-31 19:30:00,3.0,snapshots/6664205.jpg,snapshots/6664205.jpg,2025-03-31 16:30:00
2598056,Liam Johnson,2025-04-01 10:00:00,2025-04-01 12:30:00,2.5,snapshots/2598056.jpg,snapshots/2598056.jpg,2025-04-01 10:00:00
2425166,Aarav Shah,2025-04-01 14:15:00,2025-04-01 17:15,3.0,snapshots/2425166.jpg,snapshots/2425166.jpg,2025-04-01 14:15:00
4146623,Noah Wilson,2025-04-02 17:00:00,2025-04-02 19:30:00,2.5,snapshots/4146623.jpg,snapshots/4146623.jpg,2025-04-02 17:00:00
2425166,Aarav Shah,2025-04-03 08:15:00,2025-04-03 10:15:00,2.0,snapshots/2425166.jpg,snapshots/2425166.jpg,2025-04-03 08:15:00
7134699,Vivaan Kumar,2025-04-03 14:00:00,2025-04-03 16:30,2.5,snapshots/7134699.jpg,snapshots/7134699.jpg,2025-04-03 14:00:00
2630571,Avni Desai,2025-04-03 15:15:00,2025-04-03 17:15:00,2.0,snapshots/2630571.jpg,snapshots/2630571.jpg,2025-04-03 15:15:00
2701634,Emily Brown,2025-04-03 16:30:00,2025-04-03 19:00,2.5,snapshots/2701634.jpg,snapshots/2701634.jpg,2025-04-03 16:30:00
6664205,Mason Lee,2025-04-03 17:15:00,2025-04-03 18:45:00,1.5,snapshots/6664205.jpg,snapshots/6664205.jpg,2025-04-03 17:15:00
6362733,Meera Nair,2025-04-04 08:00:00,2025-04-04 09:30:00,1.5,snapshots/6362733.jpg,snapshots/6362733.jpg,2025-04-04 08:00:00
2701634,Emily Brown,2025-04-04 08:15:00,2025-04-04 09:45:00,1.5,snapshots/2701634.jpg,snapshots/2701634.jpg,2025-04-04 08:15:00
2598056,Liam Johnson,2025-04-04 12:00:00,2025-04-04 15:00:00,3.0,snapshots/2598056.jpg,snapshots/2598056.jpg,2025-04-04 12:00:00
7644166,Ryan Scott,2025-04-04 14:30:00,2025-04-04 17:30:00,3.0,snapshots/7644166.jpg,snapshots/7644166.jpg,2025-04-04 14:30:00
7644166,Ryan Scott,2025-04-05 08:15:00,2025-04-05 10:45:00,2.5,snapshots/7644166.jpg,snapshots/7644166.jpg,2025-04-05 08:15:00
2750869,Neha Patel,2025-04-05 11:30:00,2025-04-05 13:30:00,2.0,snapshots/2750869.jpg,snapshots/2750869.jpg,2025-04-05 11:30:00
2425166,Aarav Shah,2025-04-05 12:30:00,2025-04-05 15:00:00,2.5,snapshots/2425166.jpg,snapshots/2425166.jpg,2025-04-05 12:30:00
2598056,Liam Johnson,2025-04-05 17:15:00,2025-04-05 20:15:00,3.0,snapshots/2598056.jpg,snapshots/2598056.jpg,2025-04-05 17:15:00
2630571,Avni Desai,2025-04-06 11:30:00,2025-04-06 14:00:00,2.5,snapshots/2630571.jpg,snapshots/2630571.jpg,2025-04-06 11:30:00
7644166,Ryan Scott,2025-04-06 13:00:00,2025-04-06 15:00:00,2.0,snapshots/7644166.jpg,snapshots/7644166.jpg,2025-04-06 13:00:00
8853681,Aanya Mehta,2025-04-07 09:15:00,2025-04-07 11:45:00,2.5,snapshots/8853681.jpg,snapshots/8853681.jpg,2025-04-07 09:15:00
6362733,Meera Nair,2025-04-07 10:30:00,2025-04-07 13:30:00,3.0,snapshots/6362733.jpg,snapshots/6362733.jpg,2025-04-07 10:30:00
6403246,Isabella Davis,2025-04-07 10:45:00,2025-04-07 12:45:00,2.0,snapshots/6403246.jpg,snapshots/6403246.jpg,2025-04-07 10:45:00
7916493,Arjun Kapoor,2025-04-07 11:30:00,2025-04-07 13:00:00,1.5,snapshots/7916493.jpg,snapshots/7916493.jpg,2025-04-07 11:30:00
2750869,Neha Patel,2025-04-07 12:15:00,2025-04-07 13:45,1.5,snapshots/2750869.jpg,snapshots/2750869.jpg,2025-04-07 12:15:00
2598056,Liam Johnson,2025-04-07 13:45:00,2025-04-07 16:15:00,2.5,snapshots/2598056.jpg,snapshots/2598056.jpg,2025-04-07 13:45:00
7644166,Ryan Scott,2025-04-07 15:45:00,2025-04-07 17:15:00,1.5,snapshots/7644166.jpg,snapshots/7644166.jpg,2025-04-07 15:45:00
9323660,Zoya Singh,2025-04-08 14:00:00,2025-04-08 17:00:00,3.0,snapshots/9323660.jpg,snapshots/9323660.jpg,2025-04-08 14:00:00
2425166,Aarav Shah,2025-04-09 09:45:00,2025-04-09 11:15:00,1.5,snapshots/2425166.jpg,snapshots/2425166.jpg,2025-04-09 09:45:00
6362733,Meera Nair,2025-04-09 10:00:00,2025-04-09 11:30,1.5,snapshots/6362733.jpg,snapshots/6362733.jpg,2025-04-09 10:00:00
4146623,Noah Wilson,2025-04-09 14:45:00,2025-04-09 16:45:00,2.0,snapshots/4146623.jpg,snapshots/4146623.jpg,2025-04-09 14:45:00
8853681,Aanya Mehta,2025-04-09 17:00:00,2025-04-09 18:30:00,1.5,snapshots/8853681.jpg,snapshots/8853681.jpg,2025-04-09 17:00:00
6403246,Isabella Davis,2025-04-10 08:15:00,2025-04-10 11:15:00,3.0,snapshots/6403246.jpg,snapshots/6403246.jpg,2025-04-10 08:15:00
2425166,Aarav Shah,2025-04-10 09:30:00,2025-04-10 11:30,2.0,snapshots/2425166.jpg,snapshots/2425166.jpg,2025-04-10 09:30:00
8853681,Aanya Mehta,2025-04-11 09:30:00,2025-04-11 12:00:00,2.5,snapshots/8853681.jpg,snapshots/8853681.jpg,2025-04-11 09:30:00
2701634,Emily Brown,2025-04-11 12:00:00,2025-04-11 15:00:00,3.0,snapshots/2701634.jpg,snapshots/2701634.jpg,2025-04-11 12:00:00
6887917,Lucas Moore,2025-04-11 12:45:00,2025-04-11 15:15:00,2.5,snapshots/6887917.jpg,snapshots/6887917.jpg,2025-04-11 12:45:00
6474141,Anaya Sharma,2025-04-12 10:15:00,2025-04-12 12:15,2.0,snapshots/6474141.jpg,snapshots/6474141.jpg,2025-04-12 10:15:00
7644166,Ryan Scott,2025-04-12 13:00:00,2025-04-12 14:30,1.5,snapshots/7644166.jpg,snapshots/7644166.jpg,2025-04-12 13:00:00
7134699,Vivaan Kumar,2025-04-12 13:15:00,2025-04-12 15:15:00,2.0,snapshots/7134699.jpg,snapshots/7134699.jpg,2025-04-12 13:15:00
8853681,Aanya Mehta,2025-04-13 14:30:00,2025-04-13 17:30,3.0,snapshots/8853681.jpg,snapshots/8853681.jpg,2025-04-13 14:30:00
2598056,Liam Johnson,2025-04-13 17:15:00,2025-04-13 19:15,2.0,snapshots/2598056.jpg,snapshots/2598056.jpg,2025-04-13 17:15:00
2630571,Avni Desai,2025-04-14 08:00:00,2025-04-14 11:00:00,3.0,snapshots/2630571.jpg,snapshots/2630571.jpg,2025-04-14 08:00:00
7916493,Arjun Kapoor,2025-04-14 09:00:00,2025-04-14 12:00:00,3.0,snapshots/7916493.jpg,snapshots/7916493.jpg,2025-04-14 09:00:00
4146623,Noah Wilson,2025-04-14 14:45:00,2025-04-14 16:15:00,1.5,snapshots/4146623.jpg,snapshots/4146623.jpg,2025-04-14 14:45:00
2115580,Saanvi Joshi,2025-04-15 12:00:00,2025-04-15 14:00:00,2.0,snapshots/2115580.jpg,snapshots/2115580.jpg,2025-04-15 12:00:00
2701634,Emily Brown,2025-04-15 13:15:00,2025-04-15 15:15:00,2.0,snapshots/2701634.jpg,snapshots/2701634.jpg,2025-04-15 13:15:00
2425166,Aarav Shah,2025-04-16 09:00:00,2025-04-16 11:00,2.0,snapshots/2425166.jpg,snapshots/2425166.jpg,2025-04-16 09:00:00
4146623,Noah Wilson,2025-04-16 14:30:00,2025-04-16 17:00,2.5,snapshots/4146623.jpg,snapshots/4146623.jpg,2025-04-16 14:30:00
6403246,Isabella Davis,2025-04-16 16:30:00,2025-04-16 19:00:00,2.5,snapshots/6403246.jpg,snapshots/6403246.jpg,2025-04-16 16:30:00
3534553,Benjamin Lewis,2025-04-17 11:45:00,2025-04-17 13:45:00,2.0,snapshots/3534553.jpg,snapshots/3534553.jpg,2025-04-17 11:45:00
2750869,Neha Patel,2025-04-17 12:45:00,2025-04-17 15:45,3.0,snapshots/2750869.jpg,snapshots/2750869.jpg,2025-04-17 12:45:00
6474141,Anaya Sharma,2025-04-17 16:30:00,2025-04-17 19:00,2.5,snapshots/6474141.jpg,snapshots/6474141.jpg,2025-04-17 16:30:00
2701634,Emily Brown,2025-04-18 10:30:00,2025-04-18 12:00,1.5,snapshots/2701634.jpg,snapshots/2701634.jpg,2025-04-18 10:30:00
7916493,Arjun Kapoor,2025-04-18 12:00:00,2025-04-18 14:00:00,2.0,snapshots/7916493.jpg,snapshots/7916493.jpg,2025-04-18 12:00:00
2598056,Liam Johnson,2025-04-18 12:45:00,2025-04-18 14:15,1.5,snapshots/2598056.jpg,snapshots/2598056.jpg,2025-04-18 12:45:00
6887917,Lucas Moore,2025-04-19 09:30:00,2025-04-19 11:00:00,1.5,snapshots/6887917.jpg,snapshots/6887917.jpg,2025-04-19 09:30:00
2750869,Neha Patel,2025-04-19 09:30:00,2025-04-19 11:30:00,2.0,snapshots/2750869.jpg,snapshots/2750869.jpg,2025-04-19 09:30:00
7644166,Ryan Scott,2025-04-19 10:00:00,2025-04-19 12:00:00,2.0,snapshots/7644166.jpg,snapshots/7644166.jpg,2025-04-19 10:00:00
7644166,Ryan Scott,2025-04-19 10:00:00,2025-04-19 12:00:00,2.0,snapshots/7644166.jpg,snapshots/7644166.jpg,2025-04-19 12:15:00
7644166,Ryan Scott,2025-04-19 10:00:00,2025-04-19 12:00:00,2.0,snapshots/7644166.jpg,snapshots/7644166.jpg,2025-04-19 17:00:00
2425166,Aarav Shah,2025-04-19 10:30:00,2025-04-19 13:00,2.5,snapshots/2425166.jpg,snapshots/2425166.jpg,2025-04-19 10:30:00
2598056,Liam Johnson,2025-04-19 10:45:00,2025-04-19 13:45,3.0,snapshots/2598056.jpg,snapshots/2598056.jpg,2025-04-19 10:45:00
6362733,Meera Nair,2025-04-19 11:00:00,2025-04-19 13:00:00,2.0,snapshots/6362733.jpg,snapshots/6362733.jpg,2025-04-19 11:00:00
7644166,Ryan Scott,2025-04-19 12:15:00,2025-04-19 13:45:00,1.5,snapshots/7644166.jpg,snapshots/7644166.jpg,2025-04-19 10:00:00
7644166,Ryan Scott,2025-04-19 12:15:00,2025-04-19 13:45:00,1.5,snapshots/7644166.jpg,snapshots/7644166.jpg,2025-04-19 12:15:00
7644166,Ryan Scott,2025-04-19 12:15:00,2025-04-19 13:45:00,1.5,snapshots/7644166.jpg,snapshots/7644166.jpg,2025-04-19 17:00:00
9323660,Zoya Singh,2025-04-19 16:15:00,2025-04-19 18:15:00,2.0,snapshots/9323660.jpg,snapshots/9323660.jpg,2025-04-19 16:15:00
7644166,Ryan Scott,2025-04-19 17:00:00,2025-04-19 20:00:00,3.0,snapshots/7644166.jpg,snapshots/7644166.jpg,2025-04-19 10:00:00
7644166,Ryan Scott,2025-04-19 17:00:00,2025-04-19 20:00:00,3.0,snapshots/7644166.jpg,snapshots/7644166.jpg,2025-04-19 12:15:00
7644166,Ryan Scott,2025-04-19 17:00:00,2025-04-19 20:00:00,3.0,snapshots/7644166.jpg,snapshots/7644166.jpg,2025-04-19 17:00:00
2598056,Liam Johnson,2025-04-20 13:15:00,2025-04-20 16:15:00,3.0,snapshots/2598056.jpg,snapshots/2598056.jpg,2025-04-20 13:15:00
7264805,Isha Reddy,2025-04-20 15:15:00,2025-04-20 17:15,2.0,snapshots/7264805.jpg,snapshots/7264805.jpg,2025-04-20 15:15:00
2115580,Saanvi Joshi,2025-04-20 16:00:00,2025-04-20 17:30:00,1.5,snapshots/2115580.jpg,snapshots/2115580.jpg,2025-04-20 16:00:00
7134699,Vivaan Kumar,2025-04-21 08:30:00,2025-04-21 11:30:00,3.0,snapshots/7134699.jpg,snapshots/7134699.jpg,2025-04-21 08:30:00
6362733,Meera Nair,2025-04-21 13:30:00,2025-04-21 16:30:00,3.0,snapshots/6362733.jpg,snapshots/6362733.jpg,2025-04-21 13:30:00
3534553,Benjamin Lewis,2025-04-22 08:45:00,2025-04-22 10:45,2.0,snapshots/3534553.jpg,snapshots/3534553.jpg,2025-04-22 08:45:00
2750869,Neha Patel,2025-04-22 11:30:00,2025-04-22 13:30:00,2.0,snapshots/2750869.jpg,snapshots/2750869.jpg,2025-04-22 11:30:00
2598056,Liam Johnson,2025-04-22 13:45:00,2025-04-22 15:45:00,2.0,snapshots/2598056.jpg,snapshots/2598056.jpg,2025-04-22 13:45:00
6664205,Mason Lee,2025-04-22 14:45:00,2025-04-22 16:15:00,1.5,snapshots/6664205.jpg,snapshots/6664205.jpg,2025-04-22 14:45:00
6362733,Meera Nair,2025-04-22 15:45:00,2025-04-22 18:15:00,2.5,snapshots/6362733.jpg,snapshots/6362733.jpg,2025-04-22 15:45:00
4146623,Noah Wilson,2025-04-22 16:00:00,2025-04-22 19:00,3.0,snapshots/4146623.jpg,snapshots/4146623.jpg,2025-04-22 16:00:00
2630571,Avni Desai,2025-04-23 10:15:00,2025-04-23 12:45:00,2.5,snapshots/2630571.jpg,snapshots/2630571.jpg,2025-04-23 10:15:00
2630571,Avni Desai,2025-04-23 10:15:00,2025-04-23 12:45:00,2.5,snapshots/2630571.jpg,snapshots/2630571.jpg,2025-04-23 14:15:00
6403246,Isabella Davis,2025-04-23 14:15:00,2025-04-23 17:15,3.0,snapshots/6403246.jpg,snapshots/6403246.jpg,2025-04-23 14:15:00
2630571,Avni Desai,2025-04-23 14:15:00,2025-04-23 16:15:00,2.0,snapshots/2630571.jpg,snapshots/2630571.jpg,2025-04-23 10:15:00
2630571,Avni Desai,2025-04-23 14:15:00,2025-04-23 16:15:00,2.0,snapshots/2630571.jpg,snapshots/2630571.jpg,2025-04-23 14:15:00
6474141,Anaya Sharma,2025-04-23 15:30:00,2025-04-23 18:30:00,3.0,snapshots/6474141.jpg,snapshots/6474141.jpg,2025-04-23 15:30:00
4146623,Noah Wilson,2025-04-24 08:30:00,2025-04-24 10:30:00,2.0,snapshots/4146623.jpg,snapshots/4146623.jpg,2025-04-24 08:30:00
6403246,Isabella Davis,2025-04-24 09:30:00,2025-04-24 12:30:00,3.0,snapshots/6403246.jpg,snapshots/6403246.jpg,2025-04-24 09:30:00
2598056,Liam Johnson,2025-04-24 12:45:00,2025-04-24 14:15:00,1.5,snapshots/2598056.jpg,snapshots/2598056.jpg,2025-04-24 12:45:00
2598056,Liam Johnson,2025-04-24 12:45:00,2025-04-24 14:15:00,1.5,snapshots/2598056.jpg,snapshots/2598056.jpg,2025-04-24 16:15:00
2598056,Liam Johnson,2025-04-24 16:15:00,2025-04-24 18:15:00,2.0,snapshots/2598056.jpg,snapshots/2598056.jpg,2025-04-24 12:45:00
2598056,Liam Johnson,2025-04-24 16:15:00,2025-04-24 18:15:00,2.0,snapshots/2598056.jpg,snapshots/2598056.jpg,2025-04-24 16:15:00
2750869,Neha Patel,2025-04-25 08:00:00,2025-04-25 11:00:00,3.0,snapshots/2750869.jpg,snapshots/2750869.jpg,2025-04-25 08:00:00
6362733,Meera Nair,2025-04-25 08:00:00,2025-04-25 10:00,2.0,snapshots/6362733.jpg,snapshots/6362733.jpg,2025-04-25 08:00:00
6664205,Mason Lee,2025-04-25 09:30:00,2025-04-25 11:30,2.0,snapshots/6664205.jpg,snapshots/6664205.jpg,2025-04-25 09:30:00
3534553,Benjamin Lewis,2025-04-25 11:30:00,2025-04-25 13:00,1.5,snapshots/3534553.jpg,snapshots/3534553.jpg,2025-04-25 11:30:00
6887917,Lucas Moore,2025-04-26 10:15:00,2025-04-26 12:15,2.0,snapshots/6887917.jpg,snapshots/6887917.jpg,2025-04-26 10:15:00
2701634,Emily Brown,2025-04-26 12:30:00,2025-04-26 15:30:00,3.0,snapshots/2701634.jpg,snapshots/2701634.jpg,2025-04-26 12:30:00
2701634,Emily Brown,2025-04-26 12:30:00,2025-04-26 15:30:00,3.0,snapshots/2701634.jpg,snapshots/2701634.jpg,2025-04-26 17:45:00
6403246,Isabella Davis,2025-04-26 14:15:00,2025-04-26 17:15,3.0,snapshots/6403246.jpg,snapshots/6403246.jpg,2025-04-26 14:15:00
2425166,Aarav Shah,2025-04-26 17:00:00,2025-04-26 20:00:00,3.0,snapshots/2425166.jpg,snapshots/2425166.jpg,2025-04-26 17:00:00
2701634,Emily Brown,2025-04-26 17:45:00,2025-04-26 19:45:00,2.0,snapshots/2701634.jpg,snapshots/2701634.jpg,2025-04-26 12:30:00
2701634,Emily Brown,2025-04-26 17:45:00,2025-04-26 19:45:00,2.0,snapshots/2701634.jpg,snapshots/2701634.jpg,2025-04-26 17:45:00
6664205,Mason Lee,2025-04-27 08:00:00,2025-04-27 10:00:00,2.0,snapshots/6664205.jpg,snapshots/6664205.jpg,2025-04-27 08:00:00
6362733,Meera Nair,2025-04-27 10:45:00,2025-04-27 12:45,2.0,snapshots/6362733.jpg,snapshots/6362733.jpg,2025-04-27 10:45:00
2425166,Aarav Shah,2025-04-27 11:45:00,2025-04-27 14:45:00,3.0,snapshots/2425166.jpg,snapshots/2425166.jpg,2025-04-27 11:45:00
7644166,Ryan Scott,2025-04-28 14:00:00,2025-04-28 16:30:00,2.5,snapshots/7644166.jpg,snapshots/7644166.jpg,2025-04-28 14:00:00
2425166,Aarav Shah,2025-04-29 09:30:00,2025-04-29 12:30:00,3.0,snapshots/2425166.jpg,snapshots/2425166.jpg,2025-04-29 09:30:00
3534553,Benjamin Lewis,2025-04-29 09:45:00,2025-04-29 12:15,2.5,snapshots/3534553.jpg,snapshots/3534553.jpg,2025-04-29 09:45:00
3534553,Benjamin Lewis,2025-04-29 09:45:00,2025-04-29 12:15,2.5,snapshots/3534553.jpg,snapshots/3534553.jpg,2025-04-29 14:00:00
6362733,Meera Nair,2025-04-29 11:15:00,2025-04-29 12:45:00,1.5,snapshots/6362733.jpg,snapshots/6362733.jpg,2025-04-29 11:15:00
7264805,Isha Reddy,2025-04-29 12:00:00,2025-04-29 14:30,2.5,snapshots/7264805.jpg,snapshots/7264805.jpg,2025-04-29 12:00:00
6474141,Anaya Sharma,2025-04-29 12:15:00,2025-04-29 15:15,3.0,snapshots/6474141.jpg,snapshots/6474141.jpg,2025-04-29 12:15:00
3534553,Benjamin Lewis,2025-04-29 14:00:00,2025-04-29 16:00:00,2.0,snapshots/3534553.jpg,snapshots/3534553.jpg,2025-04-29 09:45:00
3534553,Benjamin Lewis,2025-04-29 14:00:00,2025-04-29 16:00:00,2.0,snapshots/3534553.jpg,snapshots/3534553.jpg,2025-04-29 14:00:00
2630571,Avni Desai,2025-04-30 16:00:00,2025-04-30 18:00:00,2.0,snapshots/2630571.jpg,snapshots/2630571.jpg,2025-04-30 16:00:00
4146623,Noah Wilson,2025-04-30 16:00:00,2025-04-30 19:00:00,3.0,snapshots/4146623.jpg,snapshots/4146623.jpg,2025-04-30 16:00:00
7264805,Isha Reddy,2025-04-30 16:15:00,2025-04-30 18:45:00,2.5,snapshots/7264805.jpg,snapshots/7264805.jpg,2025-04-30 16:15:00
2598056,Liam Johnson,2025-05-01 10:00:00,2025-05-01 12:30:00,2.5,snapshots/2598056.jpg,snapshots/2598056.jpg,2025-05-01 10:00:00
2192067,James Martin,2025-05-01 10:30:00,2025-05-01 12:30,2.0,snapshots/2192067.jpg,snapshots/2192067.jpg,2025-05-01 10:30:00
2425166,Aarav Shah,2025-05-01 14:15:00,2025-05-01 17:15:00,3.0,snapshots/2425166.jpg,snapshots/2425166.jpg,2025-05-01 14:15:00
7264805,Isha Reddy,2025-05-01 16:00:00,2025-05-01 18:00,2.0,snapshots/7264805.jpg,snapshots/7264805.jpg,2025-05-01 16:00:00
4146623,Noah Wilson,2025-05-02 08:45:00,2025-05-02 11:45,3.0,snapshots/4146623.jpg,snapshots/4146623.jpg,2025-05-02 08:45:00
4146623,Noah Wilson,2025-05-02 08:45:00,2025-05-02 11:45,3.0,snapshots/4146623.jpg,snapshots/4146623.jpg,2025-05-02 17:00:00
4146623,Noah Wilson,2025-05-02 17:00:00,2025-05-02 19:30:00,2.5,snapshots/4146623.jpg,snapshots/4146623.jpg,2025-05-02 08:45:00
4146623,Noah Wilson,2025-05-02 17:00:00,2025-05-02 19:30:00,2.5,snapshots/4146623.jpg,snapshots/4146623.jpg,2025-05-02 17:00:00
2425166,Aarav Shah,2025-05-03 08:15:00,2025-05-03 10:15:00,2.0,snapshots/2425166.jpg,snapshots/2425166.jpg,2025-05-03 08:15:00
7134699,Vivaan Kumar,2025-05-03 14:00:00,2025-05-03 16:30:00,2.5,snapshots/7134699.jpg,snapshots/7134699.jpg,2025-05-03 14:00:00
2630571,Avni Desai,2025-05-03 15:15:00,2025-05-03 17:15:00,2.0,snapshots/2630571.jpg,snapshots/2630571.jpg,2025-05-03 15:15:00
2701634,Emily Brown,2025-05-03 16:30:00,2025-05-03 19:00:00,2.5,snapshots/2701634.jpg,snapshots/2701634.jpg,2025-05-03 16:30:00
6664205,Mason Lee,2025-05-03 17:15:00,2025-05-03 18:45:00,1.5,snapshots/6664205.jpg,snapshots/6664205.jpg,2025-05-03 17:15:00
6362733,Meera Nair,2025-05-04 08:00:00,2025-05-04 09:30:00,1.5,snapshots/6362733.jpg,snapshots/6362733.jpg,2025-05-04 08:00:00
2701634,Emily Brown,2025-05-04 08:15:00,2025-05-04 09:45:00,1.5,snapshots/2701634.jpg,snapshots/2701634.jpg,2025-05-04 08:15:00
2598056,Liam Johnson,2025-05-04 12:00:00,2025-05-04 15:00:00,3.0,snapshots/2598056.jpg,snapshots/2598056.jpg,2025-05-04 12:00:00
7644166,Ryan Scott,2025-05-04 14:30:00,2025-05-04 17:30:00,3.0,snapshots/7644166.jpg,snapshots/7644166.jpg,2025-05-04 14:30:00
7644166,Ryan Scott,2025-05-05 08:15:00,2025-05-05 10:45:00,2.5,snapshots/7644166.jpg,snapshots/7644166.jpg,2025-05-05 08:15:00
7644166,Ryan Scott,2025-05-05 08:15:00,2025-05-05 10:45:00,2.5,snapshots/7644166.jpg,snapshots/7644166.jpg,2025-05-05 14:15:00
2192067,James Martin,2025-05-05 10:15:00,2025-05-05 12:45,2.5,snapshots/2192067.jpg,snapshots/2192067.jpg,2025-05-05 10:15:00
2750869,Neha Patel,2025-05-05 11:30:00,2025-05-05 13:30:00,2.0,snapshots/2750869.jpg,snapshots/2750869.jpg,2025-05-05 11:30:00
2425166,Aarav Shah,2025-05-05 12:30:00,2025-05-05 15:00:00,2.5,snapshots/2425166.jpg,snapshots/2425166.jpg,2025-05-05 12:30:00
7644166,Ryan Scott,2025-05-05 14:15:00,2025-05-05 16:45,2.5,snapshots/7644166.jpg,snapshots/7644166.jpg,2025-05-05 08:15:00
7644166,Ryan Scott,2025-05-05 14:15:00,2025-05-05 16:45,2.5,snapshots/7644166.jpg,snapshots/7644166.jpg,2025-05-05 14:15:00
2598056,Liam Johnson,2025-05-05 17:15:00,2025-05-05 20:15:00,3.0,snapshots/2598056.jpg,snapshots/2598056.jpg,2025-05-05 17:15:00
2630571,Avni Desai,2025-05-06 11:30:00,2025-05-06 14:00:00,2.5,snapshots/2630571.jpg,snapshots/2630571.jpg,2025-05-06 11:30:00
7644166,Ryan Scott,2025-05-06 13:00:00,2025-05-06 15:00:00,2.0,snapshots/7644166.jpg,snapshots/7644166.jpg,2025-05-06 13:00:00
8853681,Aanya Mehta,2025-05-07 09:15:00,2025-05-07 11:45:00,2.5,snapshots/8853681.jpg,snapshots/8853681.jpg,2025-05-07 09:15:00
6362733,Meera Nair,2025-05-07 10:30:00,2025-05-07 13:30:00,3.0,snapshots/6362733.jpg,snapshots/6362733.jpg,2025-05-07 10:30:00
6403246,Isabella Davis,2025-05-07 10:45:00,2025-05-07 12:45:00,2.0,snapshots/6403246.jpg,snapshots/6403246.jpg,2025-05-07 10:45:00
7916493,Arjun Kapoor,2025-05-07 11:30:00,2025-05-07 13:00:00,1.5,snapshots/7916493.jpg,snapshots/7916493.jpg,2025-05-07 11:30:00
2750869,Neha Patel,2025-05-07 12:15:00,2025-05-07 13:45:00,1.5,snapshots/2750869.jpg,snapshots/2750869.jpg,2025-05-07 12:15:00
2598056,Liam Johnson,2025-05-07 13:45:00,2025-05-07 16:15:00,2.5,snapshots/2598056.jpg,snapshots/2598056.jpg,2025-05-07 13:45:00
7644166,Ryan Scott,2025-05-07 15:45:00,2025-05-07 17:15:00,1.5,snapshots/7644166.jpg,snapshots/7644166.jpg,2025-05-07 15:45:00
9323660,Zoya Singh,2025-05-08 14:00:00,2025-05-08 17:00:00,3.0,snapshots/9323660.jpg,snapshots/9323660.jpg,2025-05-08 14:00:00
2425166,Aarav Shah,2025-05-09 09:45:00,2025-05-09 11:15:00,1.5,snapshots/2425166.jpg,snapshots/2425166.jpg,2025-05-09 09:45:00
6362733,Meera Nair,2025-05-09 10:00:00,2025-05-09 11:30:00,1.5,snapshots/6362733.jpg,snapshots/6362733.jpg,2025-05-09 10:00:00
9123456,Chloe Kim,2025-05-09 13:00:00,2025-05-09 15:30:00,2.5,snapshots/9123456.jpg,snapshots/9123456.jpg,2025-05-09 13:00:00
4146623,Noah Wilson,2025-05-09 14:45:00,2025-05-09 16:45:00,2.0,snapshots/4146623.jpg,snapshots/4146623.jpg,2025-05-09 14:45:00
8853681,Aanya Mehta,2025-05-09 17:00:00,2025-05-09 18:30:00,1.5,snapshots/8853681.jpg,snapshots/8853681.jpg,2025-05-09 17:00:00
6403246,Isabella Davis,2025-05-10 08:15:00,2025-05-10 11:15:00,3.0,snapshots/6403246.jpg,snapshots/6403246.jpg,2025-05-10 08:15:00
9876543,Olivia Turner,2025-05-10 09:00:00,2025-05-10 11:30:00,2.5,snapshots/9876543.jpg,snapshots/9876543.jpg,2025-05-10 09:00:00
2425166,Aarav Shah,2025-05-10 09:30:00,2025-05-10 11:30:00,2.0,snapshots/2425166.jpg,snapshots/2425166.jpg,2025-05-10 09:30:00
8853681,Aanya Mehta,2025-05-11 09:30:00,2025-05-11 12:00:00,2.5,snapshots/8853681.jpg,snapshots/8853681.jpg,2025-05-11 09:30:00
9988776,Ethan Carter,2025-05-11 12:00:00,2025-05-11 14:30:00,2.5,snapshots/9988776.jpg,snapshots/9988776.jpg,2025-05-11 12:00:00
2701634,Emily Brown,2025-05-11 12:00:00,2025-05-11 15:00:00,3.0,snapshots/2701634.jpg,snapshots/2701634.jpg,2025-05-11 12:00:00
6887917,Lucas Moore,2025-05-11 12:45:00,2025-05-11 15:15:00,2.5,snapshots/6887917.jpg,snapshots/6887917.jpg,2025-05-11 12:45:00
6474141,Anaya Sharma,2025-05-12 10:15:00,2025-05-12 12:15:00,2.0,snapshots/6474141.jpg,snapshots/6474141.jpg,2025-05-12 10:15:00
7644166,Ryan Scott,2025-05-12 13:00:00,2025-05-12 14:30:00,1.5,snapshots/7644166.jpg,snapshots/7644166.jpg,2025-05-12 13:00:00
7134699,Vivaan Kumar,2025-05-12 13:15:00,2025-05-12 15:15:00,2.0,snapshots/7134699.jpg,snapshots/7134699.jpg,2025-05-12 13:15:00
9876543,Olivia Turner,2025-05-12 14:00:00,2025-05-12 16:00:00,2.0,snapshots/9876543.jpg,snapshots/9876543.jpg,2025-05-12 14:00:00
8853681,Aanya Mehta,2025-05-13 14:30:00,2025-05-13 17:30:00,3.0,snapshots/8853681.jpg,snapshots/8853681.jpg,2025-05-13 14:30:00
9988776,Ethan Carter,2025-05-13 15:00:00,2025-05-13 17:00:00,2.0,snapshots/9988776.jpg,snapshots/9988776.jpg,2025-05-13 15:00:00
2598056,Liam Johnson,2025-05-13 17:15:00,2025-05-13 19:15:00,2.0,snapshots/2598056.jpg,snapshots/2598056.jpg,2025-05-13 17:15:00
2630571,Avni Desai,2025-05-14 08:00:00,2025-05-14 11:00:00,3.0,snapshots/2630571.jpg,snapshots/2630571.jpg,2025-05-14 08:00:00
7916493,Arjun Kapoor,2025-05-14 09:00:00,2025-05-14 12:00:00,3.0,snapshots/7916493.jpg,snapshots/7916493.jpg,2025-05-14 09:00:00
9123456,Chloe Kim,2025-05-14 09:30:00,2025-05-14 12:00:00,2.5,snapshots/9123456.jpg,snapshots/9123456.jpg,2025-05-14 09:30:00
4146623,Noah Wilson,2025-05-14 14:45:00,2025-05-14 16:15:00,1.5,snapshots/4146623.jpg,snapshots/4146623.jpg,2025-05-14 14:45:00
9876543,Olivia Turner,2025-05-15 10:30:00,2025-05-15 13:00:00,2.5,snapshots/9876543.jpg,snapshots/9876543.jpg,2025-05-15 10:30:00
2115580,Saanvi Joshi,2025-05-15 12:00:00,2025-05-15 14:00:00,2.0,snapshots/2115580.jpg,snapshots/2115580.jpg,2025-05-15 12:00:00
2701634,Emily Brown,2025-05-15 13:15:00,2025-05-15 15:15:00,2.0,snapshots/2701634.jpg,snapshots/2701634.jpg,2025-05-15 13:15:00
9988776,Ethan Carter,2025-05-16 08:30:00,2025-05-16 11:00:00,2.5,snapshots/9988776.jpg,snapshots/9988776.jpg,2025-05-16 08:30:00
2425166,Aarav Shah,2025-05-16 09:00:00,2025-05-16 11:00:00,2.0,snapshots/2425166.jpg,snapshots/2425166.jpg,2025-05-16 09:00:00
4146623,Noah Wilson,2025-05-16 14:30:00,2025-05-16 17:00:00,2.5,snapshots/4146623.jpg,snapshots/4146623.jpg,2025-05-16 14:30:00
6403246,Isabella Davis,2025-05-16 16:30:00,2025-05-16 19:00:00,2.5,snapshots/6403246.jpg,snapshots/6403246.jpg,2025-05-16 16:30:00
3534553,Benjamin Lewis,2025-05-17 11:45:00,2025-05-17 13:45:00,2.0,snapshots/3534553.jpg,snapshots/3534553.jpg,2025-05-17 11:45:00
2750869,Neha Patel,2025-05-17 12:45:00,2025-05-17 15:45:00,3.0,snapshots/2750869.jpg,snapshots/2750869.jpg,2025-05-17 12:45:00
9123456,Chloe Kim,2025-05-17 16:00:00,2025-05-17 18:30:00,2.5,snapshots/9123456.jpg,snapshots/9123456.jpg,2025-05-17 16:00:00
6474141,Anaya Sharma,2025-05-17 16:30:00,2025-05-17 19:00:00,2.5,snapshots/6474141.jpg,snapshots/6474141.jpg,2025-05-17 16:30:00
2701634,Emily Brown,2025-05-18 10:30:00,2025-05-18 12:00:00,1.5,snapshots/2701634.jpg,snapshots/2701634.jpg,2025-05-18 10:30:00
7916493,Arjun Kapoor,2025-05-18 12:00:00,2025-05-18 14:00:00,2.0,snapshots/7916493.jpg,snapshots/7916493.jpg,2025-05-18 12:00:00
2598056,Liam Johnson,2025-05-18 12:45:00,2025-05-18 14:15:00,1.5,snapshots/2598056.jpg,snapshots/2598056.jpg,2025-05-18 12:45:00
2750869,Neha Patel,2025-05-19 09:30:00,2025-05-19 11:30:00,2.0,snapshots/2750869.jpg,snapshots/2750869.jpg,2025-05-19 09:30:00
6887917,Lucas Moore,2025-05-19 09:30:00,2025-05-19 11:00:00,1.5,snapshots/6887917.jpg,snapshots/6887917.jpg,2025-05-19 09:30:00
7644166,Ryan Scott,2025-05-19 10:00:00,2025-05-19 12:00:00,2.0,snapshots/7644166.jpg,snapshots/7644166.jpg,2025-05-19 10:00:00
7644166,Ryan Scott,2025-05-19 10:00:00,2025-05-19 12:00:00,2.0,snapshots/7644166.jpg,snapshots/7644166.jpg,2025-05-19 12:15:00
7644166,Ryan Scott,2025-05-19 10:00:00,2025-05-19 12:00:00,2.0,snapshots/7644166.jpg,snapshots/7644166.jpg,2025-05-19 17:00:00
2425166,Aarav Shah,2025-05-19 10:30:00,2025-05-19 13:00:00,2.5,snapshots/2425166.jpg,snapshots/2425166.jpg,2025-05-19 10:30:00
2598056,Liam Johnson,2025-05-19 10:45:00,2025-05-19 13:45:00,3.0,snapshots/2598056.jpg,snapshots/2598056.jpg,2025-05-19 10:45:00
6362733,Meera Nair,2025-05-19 11:00:00,2025-05-19 13:00:00,2.0,snapshots/6362733.jpg,snapshots/6362733.jpg,2025-05-19 11:00:00
7644166,Ryan Scott,2025-05-19 12:15:00,2025-05-19 13:45:00,1.5,snapshots/7644166.jpg,snapshots/7644166.jpg,2025-05-19 10:00:00
7644166,Ryan Scott,2025-05-19 12:15:00,2025-05-19 13:45:00,1.5,snapshots/7644166.jpg,snapshots/7644166.jpg,2025-05-19 12:15:00
7644166,Ryan Scott,2025-05-19 12:15:00,2025-05-19 13:45:00,1.5,snapshots/7644166.jpg,snapshots/7644166.jpg,2025-05-19 17:00:00
9323660,Zoya Singh,2025-05-19 16:15:00,2025-05-19 18:15:00,2.0,snapshots/9323660.jpg,snapshots/9323660.jpg,2025-05-19 16:15:00
7644166,Ryan Scott,2025-05-19 17:00:00,2025-05-19 20:00:00,3.0,snapshots/7644166.jpg,snapshots/7644166.jpg,2025-05-19 10:00:00
7644166,Ryan Scott,2025-05-19 17:00:00,2025-05-19 20:00:00,3.0,snapshots/7644166.jpg,snapshots/7644166.jpg,2025-05-19 12:15:00
7644166,Ryan Scott,2025-05-19 17:00:00,2025-05-19 20:00:00,3.0,snapshots/7644166.jpg,snapshots/7644166.jpg,2025-05-19 17:00:00
2598056,Liam Johnson,2025-05-20 13:15:00,2025-05-20 16:15:00,3.0,snapshots/2598056.jpg,snapshots/2598056.jpg,2025-05-20 13:15:00
7264805,Isha Reddy,2025-05-20 15:15:00,2025-05-20 17:15:00,2.0,snapshots/7264805.jpg,snapshots/7264805.jpg,2025-05-20 15:15:00
2115580,Saanvi Joshi,2025-05-20 16:00:00,2025-05-20 17:30:00,1.5,snapshots/2115580.jpg,snapshots/2115580.jpg,2025-05-20 16:00:00
7134699,Vivaan Kumar,2025-05-21 08:30:00,2025-05-21 11:30:00,3.0,snapshots/7134699.jpg,snapshots/7134699.jpg,2025-05-21 08:30:00
6362733,Meera Nair,2025-05-21 13:30:00,2025-05-21 16:30:00,3.0,snapshots/6362733.jpg,snapshots/6362733.jpg,2025-05-21 13:30:00
3534553,Benjamin Lewis,2025-05-22 08:45:00,2025-05-22 10:45:00,2.0,snapshots/3534553.jpg,snapshots/3534553.jpg,2025-05-22 08:45:00
2750869,Neha Patel,2025-05-22 11:30:00,2025-05-22 13:30:00,2.0,snapshots/2750869.jpg,snapshots/2750869.jpg,2025-05-22 11:30:00
2598056,Liam Johnson,2025-05-22 13:45:00,2025-05-22 15:45:00,2.0,snapshots/2598056.jpg,snapshots/2598056.jpg,2025-05-22 13:45:00
6664205,Mason Lee,2025-05-22 14:45:00,2025-05-22 16:15:00,1.5,snapshots/6664205.jpg,snapshots/6664205.jpg,2025-05-22 14:45:00
6362733,Meera Nair,2025-05-22 15:45:00,2025-05-22 18:15:00,2.5,snapshots/6362733.jpg,snapshots/6362733.jpg,2025-05-22 15:45:00
4146623,Noah Wilson,2025-05-22 16:00:00,2025-05-22 19:00:00,3.0,snapshots/4146623.jpg,snapshots/4146623.jpg,2025-05-22 16:00:00
2630571,Avni Desai,2025-05-23 10:15:00,2025-05-23 12:45:00,2.5,snapshots/2630571.jpg,snapshots/2630571.jpg,2025-05-23 10:15:00
2630571,Avni Desai,2025-05-23 10:15:00,2025-05-23 12:45:00,2.5,snapshots/2630571.jpg,snapshots/2630571.jpg,2025-05-23 14:15:00
2630571,Avni Desai,2025-05-23 14:15:00,2025-05-23 16:15:00,2.0,snapshots/2630571.jpg,snapshots/2630571.jpg,2025-05-23 10:15:00
2630571,Avni Desai,2025-05-23 14:15:00,2025-05-23 16:15:00,2.0,snapshots/2630571.jpg,snapshots/2630571.jpg,2025-05-23 14:15:00
6403246,Isabella Davis,2025-05-23 14:15:00,2025-05-23 17:15:00,3.0,snapshots/6403246.jpg,snapshots/6403246.jpg,2025-05-23 14:15:00
6474141,Anaya Sharma,2025-05-23 15:30:00,2025-05-23 18:30:00,3.0,snapshots/6474141.jpg,snapshots/6474141.jpg,2025-05-23 15:30:00
4146623,Noah Wilson,2025-05-24 08:30:00,2025-05-24 10:30:00,2.0,snapshots/4146623.jpg,snapshots/4146623.jpg,2025-05-24 08:30:00
6403246,Isabella Davis,2025-05-24 09:30:00,2025-05-24 12:30:00,3.0,snapshots/6403246.jpg,snapshots/6403246.jpg,2025-05-24 09:30:00
2598056,Liam Johnson,2025-05-24 12:45:00,2025-05-24 14:15:00,1.5,snapshots/2598056.jpg,snapshots/2598056.jpg,2025-05-24 12:45:00
2598056,Liam Johnson,2025-05-24 12:45:00,2025-05-24 14:15:00,1.5,snapshots/2598056.jpg,snapshots/2598056.jpg,2025-05-24 16:15:00
2598056,Liam Johnson,2025-05-24 16:15:00,2025-05-24 18:15:00,2.0,snapshots/2598056.jpg,snapshots/2598056.jpg,2025-05-24 12:45:00
2598056,Liam Johnson,2025-05-24 16:15:00,2025-05-24 18:15:00,2.0,snapshots/2598056.jpg,snapshots/2598056.jpg,2025-05-24 16:15:00
2750869,Neha Patel,2025-05-25 08:00:00,2025-05-25 11:00:00,3.0,snapshots/2750869.jpg,snapshots/2750869.jpg,2025-05-25 08:00:00
6362733,Meera Nair,2025-05-25 08:00:00,2025-05-25 10:00:00,2.0,snapshots/6362733.jpg,snapshots/6362733.jpg,2025-05-25 08:00:00
6664205,Mason Lee,2025-05-25 09:30:00,2025-05-25 11:30:00,2.0,snapshots/6664205.jpg,snapshots/6664205.jpg,2025-05-25 09:30:00
3534553,Benjamin Lewis,2025-05-25 11:30:00,2025-05-25 13:00:00,1.5,snapshots/3534553.jpg,snapshots/3534553.jpg,2025-05-25 11:30:00
6887917,Lucas Moore,2025-05-26 10:15:00,2025-05-26 12:15:00,2.0,snapshots/6887917.jpg,snapshots/6887917.jpg,2025-05-26 10:15:00
2701634,Emily Brown,2025-05-26 12:30:00,2025-05-26 15:30:00,3.0,snapshots/2701634.jpg,snapshots/2701634.jpg,2025-05-26 12:30:00
2701634,Emily Brown,2025-05-26 12:30:00,2025-05-26 15:30:00,3.0,snapshots/2701634.jpg,snapshots/2701634.jpg,2025-05-26 17:45:00
6403246,Isabella Davis,2025-05-26 14:15:00,2025-05-26 17:15:00,3.0,snapshots/6403246.jpg,snapshots/6403246.jpg,2025-05-26 14:15:00
2425166,Aarav Shah,2025-05-26 17:00:00,2025-05-26 20:00:00,3.0,snapshots/2425166.jpg,snapshots/2425166.jpg,2025-05-26 17:00:00
2701634,Emily Brown,2025-05-26 17:45:00,2025-05-26 19:45:00,2.0,snapshots/2701634.jpg,snapshots/2701634.jpg,2025-05-26 12:30:00
2701634,Emily Brown,2025-05-26 17:45:00,2025-05-26 19:45:00,2.0,snapshots/2701634.jpg,snapshots/2701634.jpg,2025-05-26 17:45:00
6664205,Mason Lee,2025-05-27 08:00:00,2025-05-27 10:00:00,2.0,snapshots/6664205.jpg,snapshots/6664205.jpg,2025-05-27 08:00:00
6362733,Meera Nair,2025-05-27 10:45:00,2025-05-27 12:45:00,2.0,snapshots/6362733.jpg,snapshots/6362733.jpg,2025-05-27 10:45:00
2425166,Aarav Shah,2025-05-27 11:45:00,2025-05-27 14:45:00,3.0,snapshots/2425166.jpg,snapshots/2425166.jpg,2025-05-27 11:45:00
7644166,Ryan Scott,2025-05-28 14:00:00,2025-05-28 16:30:00,2.5,snapshots/7644166.jpg,snapshots/7644166.jpg,2025-05-28 14:00:00
2425166,Aarav Shah,2025-05-29 09:30:00,2025-05-29 12:30:00,3.0,snapshots/2425166.jpg,snapshots/2425166.jpg,2025-05-29 09:30:00
3534553,Benjamin Lewis,2025-05-29 09:45:00,2025-05-29 12:15:00,2.5,snapshots/3534553.jpg,snapshots/3534553.jpg,2025-05-29 09:45:00
3534553,Benjamin Lewis,2025-05-29 09:45:00,2025-05-29 12:15:00,2.5,snapshots/3534553.jpg,snapshots/3534553.jpg,2025-05-29 14:00:00
6362733,Meera Nair,2025-05-29 11:15:00,2025-05-29 12:45:00,1.5,snapshots/6362733.jpg,snapshots/6362733.jpg,2025-05-29 11:15:00
7264805,Isha Reddy,2025-05-29 12:00:00,2025-05-29 14:30:00,2.5,snapshots/7264805.jpg,snapshots/7264805.jpg,2025-05-29 12:00:00
6474141,Anaya Sharma,2025-05-29 12:15:00,2025-05-29 15:15:00,3.0,snapshots/6474141.jpg,snapshots/6474141.jpg,2025-05-29 12:15:00
3534553,Benjamin Lewis,2025-05-29 14:00:00,2025-05-29 16:00:00,2.0,snapshots/3534553.jpg,snapshots/3534553.jpg,2025-05-29 09:45:00
3534553,Benjamin Lewis,2025-05-29 14:00:00,2025-05-29 16:00:00,2.0,snapshots/3534553.jpg,snapshots/3534553.jpg,2025-05-29 14:00:00
2630571,Avni Desai,2025-05-30 16:00:00,2025-05-30 18:00:00,2.0,snapshots/2630571.jpg,snapshots/2630571.jpg,2025-05-30 16:00:00
4146623,Noah Wilson,2025-05-30 16:00:00,2025-05-30 19:00:00,3.0,snapshots/4146623.jpg,snapshots/4146623.jpg,2025-05-30 16:00:00
7264805,Isha Reddy,2025-05-30 16:15:00,2025-05-30 18:45:00,2.5,snapshots/7264805.jpg,snapshots/7264805.jpg,2025-05-30 16:15:00
4146623,Noah Wilson,2025-05-31 08:00:00,2025-05-31 09:30:00,1.5,snapshots/4146623.jpg,snapshots/4146623.jpg,2025-05-31 08:00:00
8853681,Aanya Mehta,2025-05-31 14:15:00,2025-05-31 16:15:00,2.0,snapshots/8853681.jpg,snapshots/8853681.jpg,2025-05-31 14:15:00
6664205,Mason Lee,2025-05-31 16:30:00,2025-05-31 19:30:00,3.0,snapshots/6664205.jpg,snapshots/6664205.jpg,2025-05-31 16:30:00
2598056,Liam Johnson,2025-06-01 10:00:00,2025-06-01 12:30:00,2.5,snapshots/2598056.jpg,snapshots/2598056.jpg,2025-06-01 10:00:00
2192067,James Martin,2025-06-01 10:30:00,2025-06-01 12:30:00,2.0,snapshots/2192067.jpg,snapshots/2192067.jpg,2025-06-01 10:30:00
2425166,Aarav Shah,2025-06-01 14:15:00,2025-06-01 17:15:00,3.0,snapshots/2425166.jpg,snapshots/2425166.jpg,2025-06-01 14:15:00
7264805,Isha Reddy,2025-06-01 16:00:00,2025-06-01 18:00:00,2.0,snapshots/7264805.jpg,snapshots/7264805.jpg,2025-06-01 16:00:00
4146623,Noah Wilson,2025-06-02 08:45:00,2025-06-02 11:45:00,3.0,snapshots/4146623.jpg,snapshots/4146623.jpg,2025-06-02 08:45:00
4146623,Noah Wilson,2025-06-02 08:45:00,2025-06-02 11:45:00,3.0,snapshots/4146623.jpg,snapshots/4146623.jpg,2025-06-02 17:00:00
4146623,Noah Wilson,2025-06-02 17:00:00,2025-06-02 19:30:00,2.5,snapshots/4146623.jpg,snapshots/4146623.jpg,2025-06-02 08:45:00
4146623,Noah Wilson,2025-06-02 17:00:00,2025-06-02 19:30:00,2.5,snapshots/4146623.jpg,snapshots/4146623.jpg,2025-06-02 17:00:00
2425166,Aarav Shah,2025-06-03 08:15:00,2025-06-03 10:15:00,2.0,snapshots/2425166.jpg,snapshots/2425166.jpg,2025-06-03 08:15:00
7134699,Vivaan Kumar,2025-06-03 14:00:00,2025-06-03 16:30:00,2.5,snapshots/7134699.jpg,snapshots/7134699.jpg,2025-06-03 14:00:00
2630571,Avni Desai,2025-06-03 15:15:00,2025-06-03 17:15:00,2.0,snapshots/2630571.jpg,snapshots/2630571.jpg,2025-06-03 15:15:00
2701634,Emily Brown,2025-06-03 16:30:00,2025-06-03 19:00:00,2.5,snapshots/2701634.jpg,snapshots/2701634.jpg,2025-06-03 16:30:00
6664205,Mason Lee,2025-06-03 17:15:00,2025-06-03 18:45:00,1.5,snapshots/6664205.jpg,snapshots/6664205.jpg,2025-06-03 17:15:00
6362733,Meera Nair,2025-06-04 08:00:00,2025-06-04 09:30:00,1.5,snapshots/6362733.jpg,snapshots/6362733.jpg,2025-06-04 08:00:00
2701634,Emily Brown,2025-06-04 08:15:00,2025-06-04 09:45:00,1.5,snapshots/2701634.jpg,snapshots/2701634.jpg,2025-06-04 08:15:00
2598056,Liam Johnson,2025-06-04 12:00:00,2025-06-04 15:00:00,3.0,snapshots/2598056.jpg,snapshots/2598056.jpg,2025-06-04 12:00:00
7644166,Ryan Scott,2025-06-04 14:30:00,2025-06-04 17:30:00,3.0,snapshots/7644166.jpg,snapshots/7644166.jpg,2025-06-04 14:30:00
7644166,Ryan Scott,2025-06-05 08:15:00,2025-06-05 10:45:00,2.5,snapshots/7644166.jpg,snapshots/7644166.jpg,2025-06-05 08:15:00
7644166,Ryan Scott,2025-06-05 08:15:00,2025-06-05 10:45:00,2.5,snapshots/7644166.jpg,snapshots/7644166.jpg,2025-06-05 14:15:00
2192067,James Martin,2025-06-05 10:15:00,2025-06-05 12:45:00,2.5,snapshots/2192067.jpg,snapshots/2192067.jpg,2025-06-05 10:15:00
2750869,Neha Patel,2025-06-05 11:30:00,2025-06-05 13:30:00,2.0,snapshots/2750869.jpg,snapshots/2750869.jpg,2025-06-05 11:30:00
2425166,Aarav Shah,2025-06-05 12:30:00,2025-06-05 15:00:00,2.5,snapshots/2425166.jpg,snapshots/2425166.jpg,2025-06-05 12:30:00
7644166,Ryan Scott,2025-06-05 14:15:00,2025-06-05 16:45:00,2.5,snapshots/7644166.jpg,snapshots/7644166.jpg,2025-06-05 08:15:00
7644166,Ryan Scott,2025-06-05 14:15:00,2025-06-05 16:45:00,2.5,snapshots/7644166.jpg,snapshots/7644166.jpg,2025-06-05 14:15:00
2598056,Liam Johnson,2025-06-05 17:15:00,2025-06-05 20:15:00,3.0,snapshots/2598056.jpg,snapshots/2598056.jpg,2025-06-05 17:15:00
2630571,Avni Desai,2025-06-06 11:30:00,2025-06-06 14:00:00,2.5,snapshots/2630571.jpg,snapshots/2630571.jpg,2025-06-06 11:30:00
7644166,Ryan Scott,2025-06-06 13:00:00,2025-06-06 15:00:00,2.0,snapshots/7644166.jpg,snapshots/7644166.jpg,2025-06-06 13:00:00
8853681,Aanya Mehta,2025-06-07 09:15:00,2025-06-07 11:45:00,2.5,snapshots/8853681.jpg,snapshots/8853681.jpg,2025-06-07 09:15:00
6362733,Meera Nair,2025-06-07 10:30:00,2025-06-07 13:30:00,3.0,snapshots/6362733.jpg,snapshots/6362733.jpg,2025-06-07 10:30:00
6403246,Isabella Davis,2025-06-07 10:45:00,2025-06-07 12:45:00,2.0,snapshots/6403246.jpg,snapshots/6403246.jpg,2025-06-07 10:45:00
7916493,Arjun Kapoor,2025-06-07 11:30:00,2025-06-07 13:00:00,1.5,snapshots/7916493.jpg,snapshots/7916493.jpg,2025-06-07 11:30:00
2750869,Neha Patel,2025-06-07 12:15:00,2025-06-07 13:45:00,1.5,snapshots/2750869.jpg,snapshots/2750869.jpg,2025-06-07 12:15:00
2598056,Liam Johnson,2025-06-07 13:45:00,2025-06-07 16:15:00,2.5,snapshots/2598056.jpg,snapshots/2598056.jpg,2025-06-07 13:45:00
7644166,Ryan Scott,2025-06-07 15:45:00,2025-06-07 17:15:00,1.5,snapshots/7644166.jpg,snapshots/7644166.jpg,2025-06-07 15:45:00
9323660,Zoya Singh,2025-06-08 14:00:00,2025-06-08 17:00:00,3.0,snapshots/9323660.jpg,snapshots/9323660.jpg,2025-06-08 14:00:00
2425166,Aarav Shah,2025-06-09 09:45:00,2025-06-09 11:15:00,1.5,snapshots/2425166.jpg,snapshots/2425166.jpg,2025-06-09 09:45:00
6362733,Meera Nair,2025-06-09 10:00:00,2025-06-09 11:30:00,1.5,snapshots/6362733.jpg,snapshots/6362733.jpg,2025-06-09 10:00:00
9123456,Chloe Kim,2025-06-09 13:00:00,2025-06-09 15:30:00,2.5,snapshots/9123456.jpg,snapshots/9123456.jpg,2025-06-09 13:00:00
4146623,Noah Wilson,2025-06-09 14:45:00,2025-06-09 16:45:00,2.0,snapshots/4146623.jpg,snapshots/4146623.jpg,2025-06-09 14:45:00
8853681,Aanya Mehta,2025-06-09 17:00:00,2025-06-09 18:30:00,1.5,snapshots/8853681.jpg,snapshots/8853681.jpg,2025-06-09 17:00:00
6403246,Isabella Davis,2025-06-10 08:15:00,2025-06-10 11:15:00,3.0,snapshots/6403246.jpg,snapshots/6403246.jpg,2025-06-10 08:15:00
9876543,Olivia Turner,2025-06-10 09:00:00,2025-06-10 11:30:00,2.5,snapshots/9876543.jpg,snapshots/9876543.jpg,2025-06-10 09:00:00
2425166,Aarav Shah,2025-06-10 09:30:00,2025-06-10 11:30:00,2.0,snapshots/2425166.jpg,snapshots/2425166.jpg,2025-06-10 09:30:00
8853681,Aanya Mehta,2025-06-11 09:30:00,2025-06-11 12:00:00,2.5,snapshots/8853681.jpg,snapshots/8853681.jpg,2025-06-11 09:30:00
9988776,Ethan Carter,2025-06-11 12:00:00,2025-06-11 14:30:00,2.5,snapshots/9988776.jpg,snapshots/9988776.jpg,2025-06-11 12:00:00
2701634,Emily Brown,2025-06-11 12:00:00,2025-06-11 15:00:00,3.0,snapshots/2701634.jpg,snapshots/2701634.jpg,2025-06-11 12:00:00
6887917,Lucas Moore,2025-06-11 12:45:00,2025-06-11 15:15:00,2.5,snapshots/6887917.jpg,snapshots/6887917.jpg,2025-06-11 12:45:00
6474141,Anaya Sharma,2025-06-12 10:15:00,2025-06-12 12:15:00,2.0,snapshots/6474141.jpg,snapshots/6474141.jpg,2025-06-12 10:15:00
7644166,Ryan Scott,2025-06-12 13:00:00,2025-06-12 14:30:00,1.5,snapshots/7644166.jpg,snapshots/7644166.jpg,2025-06-12 13:00:00
7134699,Vivaan Kumar,2025-06-12 13:15:00,2025-06-12 15:15:00,2.0,snapshots/7134699.jpg,snapshots/7134699.jpg,2025-06-12 13:15:00
9876543,Olivia Turner,2025-06-12 14:00:00,2025-06-12 16:00:00,2.0,snapshots/9876543.jpg,snapshots/9876543.jpg,2025-06-12 14:00:00
8853681,Aanya Mehta,2025-06-13 14:30:00,2025-06-13 17:30:00,3.0,snapshots/8853681.jpg,snapshots/8853681.jpg,2025-06-13 14:30:00
9988776,Ethan Carter,2025-06-13 15:00:00,2025-06-13 17:00:00,2.0,snapshots/9988776.jpg,snapshots/9988776.jpg,2025-06-13 15:00:00
2598056,Liam Johnson,2025-06-13 17:15:00,2025-06-13 19:15:00,2.0,snapshots/2598056.jpg,snapshots/2598056.jpg,2025-06-13 17:15:00
2630571,Avni Desai,2025-06-14 08:00:00,2025-06-14 11:00:00,3.0,snapshots/2630571.jpg,snapshots/2630571.jpg,2025-06-14 08:00:00
7916493,Arjun Kapoor,2025-06-14 09:00:00,2025-06-14 12:00:00,3.0,snapshots/7916493.jpg,snapshots/7916493.jpg,2025-06-14 09:00:00
9123456,Chloe Kim,2025-06-14 09:30:00,2025-06-14 12:00:00,2.5,snapshots/9123456.jpg,snapshots/9123456.jpg,2025-06-14 09:30:00
4146623,Noah Wilson,2025-06-14 14:45:00,2025-06-14 16:15:00,1.5,snapshots/4146623.jpg,snapshots/4146623.jpg,2025-06-14 14:45:00
9876543,Olivia Turner,2025-06-15 10:30:00,2025-06-15 13:00:00,2.5,snapshots/9876543.jpg,snapshots/9876543.jpg,2025-06-15 10:30:00
2115580,Saanvi Joshi,2025-06-15 12:00:00,2025-06-15 14:00:00,2.0,snapshots/2115580.jpg,snapshots/2115580.jpg,2025-06-15 12:00:00
2701634,Emily Brown,2025-06-15 13:15:00,2025-06-15 15:15:00,2.0,snapshots/2701634.jpg,snapshots/2701634.jpg,2025-06-15 13:15:00
9988776,Ethan Carter,2025-06-16 08:30:00,2025-06-16 11:00:00,2.5,snapshots/9988776.jpg,snapshots/9988776.jpg,2025-06-16 08:30:00
2425166,Aarav Shah,2025-06-16 09:00:00,2025-06-16 11:00:00,2.0,snapshots/2425166.jpg,snapshots/2425166.jpg,2025-06-16 09:00:00
4146623,Noah Wilson,2025-06-16 14:30:00,2025-06-16 17:00:00,2.5,snapshots/4146623.jpg,snapshots/4146623.jpg,2025-06-16 14:30:00
6403246,Isabella Davis,2025-06-16 16:30:00,2025-06-16 19:00:00,2.5,snapshots/6403246.jpg,snapshots/6403246.jpg,2025-06-16 16:30:00
3534553,Benjamin Lewis,2025-06-17 11:45:00,2025-06-17 13:45:00,2.0,snapshots/3534553.jpg,snapshots/3534553.jpg,2025-06-17 11:45:00
2750869,Neha Patel,2025-06-17 12:45:00,2025-06-17 15:45:00,3.0,snapshots/2750869.jpg,snapshots/2750869.jpg,2025-06-17 12:45:00
9123456,Chloe Kim,2025-06-17 16:00:00,2025-06-17 18:30:00,2.5,snapshots/9123456.jpg,snapshots/9123456.jpg,2025-06-17 16:00:00
6474141,Anaya Sharma,2025-06-17 16:30:00,2025-06-17 19:00:00,2.5,snapshots/6474141.jpg,snapshots/6474141.jpg,2025-06-17 16:30:00
2701634,Emily Brown,2025-06-18 10:30:00,2025-06-18 12:00:00,1.5,snapshots/2701634.jpg,snapshots/2701634.jpg,2025-06-18 10:30:00
7916493,Arjun Kapoor,2025-06-18 12:00:00,2025-06-18 14:00:00,2.0,snapshots/7916493.jpg,snapshots/7916493.jpg,2025-06-18 12:00:00
2598056,Liam Johnson,2025-06-18 12:45:00,2025-06-18 14:15:00,1.5,snapshots/2598056.jpg,snapshots/2598056.jpg,2025-06-18 12:45:00
6887917,Lucas Moore,2025-06-19 09:30:00,2025-06-19 11:00:00,1.5,snapshots/6887917.jpg,snapshots/6887917.jpg,2025-06-19 09:30:00
2750869,Neha Patel,2025-06-19 09:30:00,2025-06-19 11:30:00,2.0,snapshots/2750869.jpg,snapshots/2750869.jpg,2025-06-19 09:30:00
7644166,Ryan Scott,2025-06-19 10:00:00,2025-06-19 12:00:00,2.0,snapshots/7644166.jpg,snapshots/7644166.jpg,2025-06-19 10:00:00
7644166,Ryan Scott,2025-06-19 10:00:00,2025-06-19 12:00:00,2.0,snapshots/7644166.jpg,snapshots/7644166.jpg,2025-06-19 12:15:00
7644166,Ryan Scott,2025-06-19 10:00:00,2025-06-19 12:00:00,2.0,snapshots/7644166.jpg,snapshots/7644166.jpg,2025-06-19 17:00:00
2425166,Aarav Shah,2025-06-19 10:30:00,2025-06-19 13:00:00,2.5,snapshots/2425166.jpg,snapshots/2425166.jpg,2025-06-19 10:30:00
2598056,Liam Johnson,2025-06-19 10:45:00,2025-06-19 13:45:00,3.0,snapshots/2598056.jpg,snapshots/2598056.jpg,2025-06-19 10:45:00
6362733,Meera Nair,2025-06-19 11:00:00,2025-06-19 13:00:00,2.0,snapshots/6362733.jpg,snapshots/6362733.jpg,2025-06-19 11:00:00
7644166,Ryan Scott,2025-06-19 12:15:00,2025-06-19 13:45:00,1.5,snapshots/7644166.jpg,snapshots/7644166.jpg,2025-06-19 10:00:00
7644166,Ryan Scott,2025-06-19 12:15:00,2025-06-19 13:45:00,1.5,snapshots/7644166.jpg,snapshots/7644166.jpg,2025-06-19 12:15:00
7644166,Ryan Scott,2025-06-19 12:15:00,2025-06-19 13:45:00,1.5,snapshots/7644166.jpg,snapshots/7644166.jpg,2025-06-19 17:00:00
9323660,Zoya Singh,2025-06-19 16:15:00,2025-06-19 18:15:00,2.0,snapshots/9323660.jpg,snapshots/9323660.jpg,2025-06-19 16:15:00
7644166,Ryan Scott,2025-06-19 17:00:00,2025-06-19 20:00:00,3.0,snapshots/7644166.jpg,snapshots/7644166.jpg,2025-06-19 10:00:00
7644166,Ryan Scott,2025-06-19 17:00:00,2025-06-19 20:00:00,3.0,snapshots/7644166.jpg,snapshots/7644166.jpg,2025-06-19 12:15:00
7644166,Ryan Scott,2025-06-19 17:00:00,2025-06-19 20:00:00,3.0,snapshots/7644166.jpg,snapshots/7644166.jpg,2025-06-19 17:00:00
87654321,Alex Morgan,2025-06-20 10:00:00,2025-06-20 12:00:00,2.0,snapshots/87654321.jpg,snapshots/87654321.jpg,2025-06-20 10:00:00
2598056,Liam Johnson,2025-06-20 13:15:00,2025-06-20 16:15:00,3.0,snapshots/2598056.jpg,snapshots/2598056.jpg,2025-06-20 13:15:00
7264805,Isha Reddy,2025-06-20 15:15:00,2025-06-20 17:15:00,2.0,snapshots/7264805.jpg,snapshots/7264805.jpg,2025-06-20 15:15:00
2115580,Saanvi Joshi,2025-06-20 16:00:00,2025-06-20 17:30:00,1.5,snapshots/2115580.jpg,snapshots/2115580.jpg,2025-06-20 16:00:00
7134699,Vivaan Kumar,2025-06-21 08:30:00,2025-06-21 11:30:00,3.0,snapshots/7134699.jpg,snapshots/7134699.jpg,2025-06-21 08:30:00
6362733,Meera Nair,2025-06-21 13:30:00,2025-06-21 16:30:00,3.0,snapshots/6362733.jpg,snapshots/6362733.jpg,2025-06-21 13:30:00
87654322,Priya Singh,2025-06-21 14:00:00,2025-06-21 16:00:00,2.0,snapshots/87654322.jpg,snapshots/87654322.jpg,2025-06-21 14:00:00
3534553,Benjamin Lewis,2025-06-22 08:45:00,2025-06-22 10:45:00,2.0,snapshots/3534553.jpg,snapshots/3534553.jpg,2025-06-22 08:45:00
87654323,David Kim,2025-06-22 09:00:00,2025-06-22 11:00:00,2.0,snapshots/87654323.jpg,snapshots/87654323.jpg,2025-06-22 09:00:00
2750869,Neha Patel,2025-06-22 11:30:00,2025-06-22 13:30:00,2.0,snapshots/2750869.jpg,snapshots/2750869.jpg,2025-06-22 11:30:00
2598056,Liam Johnson,2025-06-22 13:45:00,2025-06-22 15:45:00,2.0,snapshots/2598056.jpg,snapshots/2598056.jpg,2025-06-22 13:45:00
6664205,Mason Lee,2025-06-22 14:45:00,2025-06-22 16:15:00,1.5,snapshots/6664205.jpg,snapshots/6664205.jpg,2025-06-22 14:45:00
6362733,Meera Nair,2025-06-22 15:45:00,2025-06-22 18:15:00,2.5,snapshots/6362733.jpg,snapshots/6362733.jpg,2025-06-22 15:45:00
4146623,Noah Wilson,2025-06-22 16:00:00,2025-06-22 19:00:00,3.0,snapshots/4146623.jpg,snapshots/4146623.jpg,2025-06-22 16:00:00
2630571,Avni Desai,2025-06-23 10:15:00,2025-06-23 12:45:00,2.5,snapshots/2630571.jpg,snapshots/2630571.jpg,2025-06-23 10:15:00
2630571,Avni Desai,2025-06-23 10:15:00,2025-06-23 12:45:00,2.5,snapshots/2630571.jpg,snapshots/2630571.jpg,2025-06-23 14:15:00
6403246,Isabella Davis,2025-06-23 14:15:00,2025-06-23 17:15:00,3.0,snapshots/6403246.jpg,snapshots/6403246.jpg,2025-06-23 14:15:00
2630571,Avni Desai,2025-06-23 14:15:00,2025-06-23 16:15:00,2.0,snapshots/2630571.jpg,snapshots/2630571.jpg,2025-06-23 10:15:00
2630571,Avni Desai,2025-06-23 14:15:00,2025-06-23 16:15:00,2.0,snapshots/2630571.jpg,snapshots/2630571.jpg,2025-06-23 14:15:00
6474141,Anaya Sharma,2025-06-23 15:30:00,2025-06-23 18:30:00,3.0,snapshots/6474141.jpg,snapshots/6474141.jpg,2025-06-23 15:30:00
4146623,Noah Wilson,2025-06-24 08:30:00,2025-06-24 10:30:00,2.0,snapshots/4146623.jpg,snapshots/4146623.jpg,2025-06-24 08:30:00
6403246,Isabella Davis,2025-06-24 09:30:00,2025-06-24 12:30:00,3.0,snapshots/6403246.jpg,snapshots/6403246.jpg,2025-06-24 09:30:00
2598056,Liam Johnson,2025-06-24 12:45:00,2025-06-24 14:15:00,1.5,snapshots/2598056.jpg,snapshots/2598056.jpg,2025-06-24 12:45:00
2598056,Liam Johnson,2025-06-24 12:45:00,2025-06-24 14:15:00,1.5,snapshots/2598056.jpg,snapshots/2598056.jpg,2025-06-24 16:15:00
2598056,Liam Johnson,2025-06-24 16:15:00,2025-06-24 18:15:00,2.0,snapshots/2598056.jpg,snapshots/2598056.jpg,2025-06-24 12:45:00
2598056,Liam Johnson,2025-06-24 16:15:00,2025-06-24 18:15:00,2.0,snapshots/2598056.jpg,snapshots/2598056.jpg,2025-06-24 16:15:00
6362733,Meera Nair,2025-06-25 08:00:00,2025-06-25 10:00:00,2.0,snapshots/6362733.jpg,snapshots/6362733.jpg,2025-06-25 08:00:00
2750869,Neha Patel,2025-06-25 08:00:00,2025-06-25 11:00:00,3.0,snapshots/2750869.jpg,snapshots/2750869.jpg,2025-06-25 08:00:00
6664205,Mason Lee,2025-06-25 09:30:00,2025-06-25 11:30:00,2.0,snapshots/6664205.jpg,snapshots/6664205.jpg,2025-06-25 09:30:00
3534553,Benjamin Lewis,2025-06-25 11:30:00,2025-06-25 13:00:00,1.5,snapshots/3534553.jpg,snapshots/3534553.jpg,2025-06-25 11:30:00
6887917,Lucas Moore,2025-06-26 10:15:00,2025-06-26 12:15:00,2.0,snapshots/6887917.jpg,snapshots/6887917.jpg,2025-06-26 10:15:00
2701634,Emily Brown,2025-06-26 12:30:00,2025-06-26 15:30:00,3.0,snapshots/2701634.jpg,snapshots/2701634.jpg,2025-06-26 12:30:00
2701634,Emily Brown,2025-06-26 12:30:00,2025-06-26 15:30:00,3.0,snapshots/2701634.jpg,snapshots/2701634.jpg,2025-06-26 17:45:00
6403246,Isabella Davis,2025-06-26 14:15:00,2025-06-26 17:15:00,3.0,snapshots/6403246.jpg,snapshots/6403246.jpg,2025-06-26 14:15:00
2425166,Aarav Shah,2025-06-26 17:00:00,2025-06-26 20:00:00,3.0,snapshots/2425166.jpg,snapshots/2425166.jpg,2025-06-26 17:00:00
2701634,Emily Brown,2025-06-26 17:45:00,2025-06-26 19:45:00,2.0,snapshots/2701634.jpg,snapshots/2701634.jpg,2025-06-26 12:30:00
2701634,Emily Brown,2025-06-26 17:45:00,2025-06-26 19:45:00,2.0,snapshots/2701634.jpg,snapshots/2701634.jpg,2025-06-26 17:45:00
6664205,Mason Lee,2025-06-27 08:00:00,2025-06-27 10:00:00,2.0,snapshots/6664205.jpg,snapshots/6664205.jpg,2025-06-27 08:00:00
6362733,Meera Nair,2025-06-27 10:45:00,2025-06-27 12:45:00,2.0,snapshots/6362733.jpg,snapshots/6362733.jpg,2025-06-27 10:45:00
2425166,Aarav Shah,2025-06-27 11:45:00,2025-06-27 14:45:00,3.0,snapshots/2425166.jpg,snapshots/2425166.jpg,2025-06-27 11:45:00
7644166,Ryan Scott,2025-06-28 14:00:00,2025-06-28 16:30:00,2.5,snapshots/7644166.jpg,snapshots/7644166.jpg,2025-06-28 14:00:00
2750869,Neha Patel,,2025-06-28 21:06,3.9,snapshots/2750869.jpg,snapshots/2750869.jpg,
7916493,Arjun Kapoor,,2025-06-28 19:52,1.37,snapshots/7916493.jpg,snapshots/7916493.jpg,
6664205,Mason Lee,,2025-06-28 17:13,1.12,snapshots/6664205.jpg,snapshots/6664205.jpg,
7264805,Isha Reddy,,2025-06-28 11:58,2.91,snapshots/7264805.jpg,snapshots/7264805.jpg,
6664205,Mason Lee,,2025-06-28 13:00,2.86,snapshots/6664205.jpg,snapshots/6664205.jpg,
7916493,Arjun Kapoor,,2025-06-28 10:47,2.09,snapshots/7916493.jpg,snapshots/7916493.jpg,
7916493,Arjun Kapoor,,2025-06-28 13:27,1.83,snapshots/7916493.jpg,snapshots/7916493.jpg,
6474141,Anaya Sharma,,2025-06-28 14:42,1.48,snapshots/6474141.jpg,snapshots/6474141.jpg,
4146623,Noah Wilson,,2025-06-28 16:00,1.07,snapshots/4146623.jpg,snapshots/4146623.jpg,
8853681,Aanya Mehta,,2025-06-28 18:15,1.43,snapshots/8853681.jpg,snapshots/8853681.jpg,
2425166,Aarav Shah,,2025-06-28 11:52,1.1,snapshots/2425166.jpg,snapshots/2425166.jpg,
2192067,James Martin,,2025-06-28 15:16,1.23,snapshots/2192067.jpg,snapshots/2192067.jpg,
2425166,Aarav Shah,,2025-06-28 17:03,2.32,snapshots/2425166.jpg,snapshots/2425166.jpg,
2115580,Saanvi Joshi,,2025-06-28 10:52,1.17,snapshots/2115580.jpg,snapshots/2115580.jpg,
2630571,Avni Desai,,2025-06-28 14:39,2.4,snapshots/2630571.jpg,snapshots/2630571.jpg,
8853681,Aanya Mehta,,2025-06-28 13:04,2.19,snapshots/8853681.jpg,snapshots/8853681.jpg,
8853681,Aanya Mehta,,2025-06-28 19:55,1.35,snapshots/8853681.jpg,snapshots/8853681.jpg,
3534553,Benjamin Lewis,,2025-06-28 20:28,2.3,snapshots/3534553.jpg,snapshots/3534553.jpg,
7916493,Arjun Kapoor,,2025-06-28 16:39,2.48,snapshots/7916493.jpg,snapshots/7916493.jpg,
6362733,Meera Nair,,2025-06-28 15:08,2.45,snapshots/6362733.jpg,snapshots/6362733.jpg,
2750869,Neha Patel,,2025-06-28 12:33,3.41,snapshots/2750869.jpg,snapshots/2750869.jpg,
7134699,Vivaan Kumar,,2025-06-28 13:33,1.85,snapshots/7134699.jpg,snapshots/7134699.jpg,
6664205,Mason Lee,,2025-06-28 17:13,1.92,snapshots/6664205.jpg,snapshots/6664205.jpg,
2630571,Avni Desai,,2025-06-28 13:39,1.77,snapshots/2630571.jpg,snapshots/2630571.jpg,
4146623,Noah Wilson,,2025-06-28 14:24,3.08,snapshots/4146623.jpg,snapshots/4146623.jpg,
6474141,Anaya Sharma,,2025-06-28 12:21,2.54,snapshots/6474141.jpg,snapshots/6474141.jpg,
8853681,Aanya Mehta,,2025-06-28 13:29,1.05,snapshots/8853681.jpg,snapshots/8853681.jpg,
2192067,James Martin,,2025-06-28 10:50,1.03,snapshots/2192067.jpg,snapshots/2192067.jpg,
2115580,Saanvi Joshi,,2025-06-28 22:22,3.62,snapshots/2115580.jpg,snapshots/2115580.jpg,
6362733,Meera Nair,,2025-06-28 18:06,3.69,snapshots/6362733.jpg,snapshots/6362733.jpg,
2630571,Avni Desai,,2025-06-28 15:17,1.18,snapshots/2630571.jpg,snapshots/2630571.jpg,
2115580,Saanvi Joshi,,2025-06-28 15:16,3.02,snapshots/2115580.jpg,snapshots/2115580.jpg,
9323660,Zoya Singh,,2025-06-28 14:57,2.62,snapshots/9323660.jpg,snapshots/9323660.jpg,
7644166,Ryan Scott,,2025-06-28 21:07,3.15,snapshots/7644166.jpg,snapshots/7644166.jpg,
6664205,Mason Lee,,2025-06-28 11:39,2.72,snapshots/6664205.jpg,snapshots/6664205.jpg,
2425166,Aarav Shah,,2025-06-28 14:15,1.17,snapshots/2425166.jpg,snapshots/2425166.jpg,
2425166,Aarav Shah,,2025-06-28 19:55,1.43,snapshots/2425166.jpg,snapshots/2425166.jpg,
2630571,Avni Desai,,2025-06-28 19:27,2.94,snapshots/2630571.jpg,snapshots/2630571.jpg,
2701634,Emily Brown,,2025-06-28 15:31,3.49,snapshots/2701634.jpg,snapshots/2701634.jpg,
6887917,Lucas Moore,,2025-06-28 12:04,1.5,snapshots/6887917.jpg,snapshots/6887917.jpg,
3534553,Benjamin Lewis,,2025-06-28 14:10,2.52,snapshots/3534553.jpg,snapshots/3534553.jpg,
6403246,Isabella Davis,,2025-06-28 19:47,2.91,snapshots/6403246.jpg,snapshots/6403246.jpg,
6664205,Mason Lee,,2025-06-28 10:20,1.46,snapshots/6664205.jpg,snapshots/6664205.jpg,
6474141,Anaya Sharma,,2025-06-30 22:02,3.82,snapshots/6474141.jpg,snapshots/6474141.jpg,
2425166,Aarav Shah,,2025-06-30 17:29,1.03,snapshots/2425166.jpg,snapshots/2425166.jpg,
2630571,Avni Desai,,2025-06-30 16:17,2.86,snapshots/2630571.jpg,snapshots/2630571.jpg,
4146623,Noah Wilson,,2025-06-30 16:11,2.83,snapshots/4146623.jpg,snapshots/4146623.jpg,
6664205,Mason Lee,,2025-06-30 11:43,1.07,snapshots/6664205.jpg,snapshots/6664205.jpg,
2425166,Aarav Shah,,2025-06-30 17:39,2.09,snapshots/2425166.jpg,snapshots/2425166.jpg,
2598056,Liam Johnson,,2025-06-30 20:03,3.28,snapshots/2598056.jpg,snapshots/2598056.jpg,
