tutor_id,tutor_name,date,start_time,end_time
2115580,Saanvi Joshi,2025-01-15,12:00:00,14:00:00
2115580,Saanvi Joshi,2025-01-20,16:00:00,17:30:00
2115580,Saanvi Joshi,2025-02-08,15:15:00,16:45:00
2115580,Saanvi Joshi,2025-02-15,14:45:00,16:15:00
2115580,Saanvi Joshi,2025-03-08,12:45:00,15:15:00
2115580,Saanvi Joshi,2025-03-14,12:45:00,14:15:00
2115580,Saanvi Joshi,2025-03-18,08:00:00,10:30:00
2192067,James Martin,2025-05-01,10:30:00,12:30:00
2192067,James Martin,2025-05-05,10:15:00,12:45:00
2425166,Aarav Shah,2025-01-27,11:45:00,14:45:00
2425166,Aarav Shah,2025-01-29,09:30:00,12:30:00
2425166,Aarav Shah,2025-02-03,08:15:00,10:15:00
2425166,Aarav Shah,2025-02-26,17:00:00,20:00:00
2425166,Aarav Shah,2025-03-05,12:30:00,15:00:00
2425166,Aarav Shah,2025-03-09,09:45:00,11:15:00
2425166,Aarav Shah,2025-04-01,14:15:00,17:15:00
2425166,Aarav Shah,2025-04-10,09:30:00,11:30:00
2425166,Aarav Shah,2025-04-16,09:00:00,11:00:00
2425166,Aarav Shah,2025-04-19,10:30:00,13:00:00
2598056,Liam Johnson,2025-01-01,10:00:00,12:30:00
2598056,Liam Johnson,2025-01-04,12:00:00,15:00:00
2598056,Liam Johnson,2025-01-05,17:15:00,20:15:00
2598056,Liam Johnson,2025-01-07,13:45:00,16:15:00
2598056,Liam Johnson,2025-01-20,13:15:00,16:15:00
2598056,Liam Johnson,2025-01-22,13:45:00,15:45:00
2598056,Liam Johnson,2025-02-24,16:15:00,18:15:00
2598056,Liam Johnson,2025-03-24,12:45:00,14:15:00
2598056,Liam Johnson,2025-04-13,17:15:00,19:15:00
2598056,Liam Johnson,2025-04-18,12:45:00,14:15:00
2598056,Liam Johnson,2025-04-19,10:45:00,13:45:00
2630571,Avni Desai,2025-02-03,15:15:00,17:15:00
2630571,Avni Desai,2025-02-06,11:30:00,14:00:00
2630571,Avni Desai,2025-02-23,10:15:00,12:45:00
2630571,Avni Desai,2025-03-14,08:00:00,11:00:00
2630571,Avni Desai,2025-03-23,14:15:00,16:15:00
2630571,Avni Desai,2025-03-30,16:00:00,18:00:00
2701634,Emily Brown,2025-01-15,13:15:00,15:15:00
2701634,Emily Brown,2025-01-26,12:30:00,15:30:00
2701634,Emily Brown,2025-02-04,08:15:00,09:45:00
2701634,Emily Brown,2025-02-11,12:00:00,15:00:00
2701634,Emily Brown,2025-02-26,17:45:00,19:45:00
2701634,Emily Brown,2025-04-03,16:30:00,19:00:00
2701634,Emily Brown,2025-04-18,10:30:00,12:00:00
2750869,Neha Patel,2025-01-22,11:30:00,13:30:00
2750869,Neha Patel,2025-01-22,12:15:00,14:15:00
2750869,Neha Patel,2025-02-05,11:30:00,13:30:00
2750869,Neha Patel,2025-02-19,09:30:00,11:30:00
2750869,Neha Patel,2025-02-25,08:00:00,11:00:00
2750869,Neha Patel,2025-04-07,12:15:00,13:45:00
2750869,Neha Patel,2025-04-17,12:45:00,15:45:00
3534553,Benjamin Lewis,2025-01-17,11:45:00,13:45:00
3534553,Benjamin Lewis,2025-03-29,14:00:00,16:00:00
3534553,Benjamin Lewis,2025-04-22,08:45:00,10:45:00
3534553,Benjamin Lewis,2025-04-25,11:30:00,13:00:00
3534553,Benjamin Lewis,2025-04-29,09:45:00,12:15:00
4146623,Noah Wilson,2025-01-14,14:45:00,16:15:00
4146623,Noah Wilson,2025-01-30,16:00:00,19:00:00
4146623,Noah Wilson,2025-02-02,17:00:00,19:30:00
4146623,Noah Wilson,2025-02-09,14:45:00,16:45:00
4146623,Noah Wilson,2025-02-09,15:15:00,17:15:00
4146623,Noah Wilson,2025-03-24,08:30:00,10:30:00
4146623,Noah Wilson,2025-03-31,08:00:00,09:30:00
4146623,Noah Wilson,2025-04-16,14:30:00,17:00:00
4146623,Noah Wilson,2025-04-22,16:00:00,19:00:00
4146623,Noah Wilson,2025-05-02,08:45:00,11:45:00
6362733,Meera Nair,2025-01-04,08:00:00,09:30:00
6362733,Meera Nair,2025-01-22,15:45:00,18:15:00
6362733,Meera Nair,2025-01-29,11:15:00,12:45:00
6362733,Meera Nair,2025-02-07,10:30:00,13:30:00
6362733,Meera Nair,2025-02-19,11:00:00,13:00:00
6362733,Meera Nair,2025-03-21,13:30:00,16:30:00
6362733,Meera Nair,2025-04-09,10:00:00,11:30:00
6362733,Meera Nair,2025-04-25,08:00:00,10:00:00
6362733,Meera Nair,2025-04-27,10:45:00,12:45:00
6403246,Isabella Davis,2025-01-07,10:45:00,12:45:00
6403246,Isabella Davis,2025-02-10,08:15:00,11:15:00
6403246,Isabella Davis,2025-02-24,09:30:00,12:30:00
6403246,Isabella Davis,2025-03-16,16:30:00,19:00:00
6403246,Isabella Davis,2025-04-23,14:15:00,17:15:00
6403246,Isabella Davis,2025-04-26,14:15:00,17:15:00
6474141,Anaya Sharma,2025-01-23,15:30:00,18:30:00
6474141,Anaya Sharma,2025-04-12,10:15:00,12:15:00
6474141,Anaya Sharma,2025-04-17,16:30:00,19:00:00
6474141,Anaya Sharma,2025-04-29,12:15:00,15:15:00
6664205,Mason Lee,2025-01-27,08:00:00,10:00:00
6664205,Mason Lee,2025-01-31,16:30:00,19:30:00
6664205,Mason Lee,2025-02-03,17:15:00,18:45:00
6664205,Mason Lee,2025-03-22,14:45:00,16:15:00
6664205,Mason Lee,2025-04-25,09:30:00,11:30:00
6887917,Lucas Moore,2025-01-19,09:30:00,11:00:00
6887917,Lucas Moore,2025-03-11,12:45:00,15:15:00
6887917,Lucas Moore,2025-04-26,10:15:00,12:15:00
7134699,Vivaan Kumar,2025-01-21,08:30:00,11:30:00
7134699,Vivaan Kumar,2025-02-12,13:15:00,15:15:00
7134699,Vivaan Kumar,2025-04-03,14:00:00,16:30:00
7264805,Isha Reddy,2025-01-30,16:15:00,18:45:00
7264805,Isha Reddy,2025-04-20,15:15:00,17:15:00
7264805,Isha Reddy,2025-04-29,12:00:00,14:30:00
7264805,Isha Reddy,2025-05-01,16:00:00,18:00:00
7644166,Ryan Scott,2025-01-05,08:15:00,10:45:00
7644166,Ryan Scott,2025-01-06,13:00:00,15:00:00
7644166,Ryan Scott,2025-01-28,14:00:00,16:30:00
7644166,Ryan Scott,2025-02-04,14:30:00,17:30:00
7644166,Ryan Scott,2025-02-19,12:15:00,13:45:00
7644166,Ryan Scott,2025-03-07,15:45:00,17:15:00
7644166,Ryan Scott,2025-03-19,10:00:00,12:00:00
7644166,Ryan Scott,2025-03-19,17:00:00,20:00:00
7644166,Ryan Scott,2025-04-12,13:00:00,14:30:00
7644166,Ryan Scott,2025-05-05,14:15:00,16:45:00
7916493,Arjun Kapoor,2025-01-07,11:30:00,13:00:00
7916493,Arjun Kapoor,2025-01-14,09:00:00,12:00:00
7916493,Arjun Kapoor,2025-03-18,12:00:00,14:00:00
8853681,Aanya Mehta,2025-01-09,17:00:00,18:30:00
8853681,Aanya Mehta,2025-02-07,09:15:00,11:45:00
8853681,Aanya Mehta,2025-02-09,17:45:00,19:15:00
8853681,Aanya Mehta,2025-02-11,09:30:00,12:00:00
8853681,Aanya Mehta,2025-03-31,14:15:00,16:15:00
8853681,Aanya Mehta,2025-04-13,14:30:00,17:30:00
9323660,Zoya Singh,2025-03-08,14:00:00,17:00:00
9323660,Zoya Singh,2025-03-19,16:15:00,18:15:00
